n	top1	top3	macro_f1	n_at_risk	host_rate	n_native_truth	native_truth_top1	method	site_group
186	0.4784946237	0.8333333333	0.5085317123	175	0.4514285714	11	0.5454545455	BASE-Z	liver
52	0.8269230769	0.9038461538	0.5495642702	30	0.1333333333	22	0.9090909091	BASE-Z	lung
92	0.8043478261	0.902173913	0.6030082431	89	0	3	0.6666666667	BASE-Z	lymph_node
133	0.7593984962	0.9022556391	0.6390146342	45	0.04444444444	45	0.9111111111	BASE-Z	remainder
49	0.8571428571	0.8979591837	0.6826739927	39	0.02564102564	10	1	BASE-Z	soft_tissue
186	0.7258064516	0.876344086	0.686908811	175	0.04571428571	11	0.5454545455	SA-Z	liver
52	0.8461538462	0.9038461538	0.7174242424	30	0	22	0.9090909091	SA-Z	lung
92	0.7826086957	0.9130434783	0.6229455191	89	0	3	0.6666666667	SA-Z	lymph_node
133	0.7368421053	0.9097744361	0.6028582529	45	0	45	0.8222222222	SA-Z	remainder
49	0.7755102041	0.8775510204	0.6189473684	39	0.02564102564	10	0.8	SA-Z	soft_tissue
