note	analysis_cohort	cohort	method	n	top1	n_at_risk	host_rate
사후	aux_rnaseq	blca_iatlas_imvigor210_2017	BASE-Z	276	0.2137681159	82	0.03658536585
사후	aux_rnaseq	blca_iatlas_imvigor210_2017	SA-Z	276	0.6050724638	82	0.0243902439
사후	aux_rnaseq	blca_iatlas_imvigor210_2017	SCOPE	276	0.03260869565	82	0.01219512195
사후	aux_rnaseq	blca_iatlas_imvigor210_2017	CUP-AI-Dx	276	0.8985507246	82	0.256097561
사후	aux_rnaseq	brca_iatlas_anders_2022	BASE-Z	30	0.4	17	0.05882352941
사후	aux_rnaseq	brca_iatlas_anders_2022	SA-Z	30	0.4	17	0
사후	aux_rnaseq	brca_iatlas_anders_2022	SCOPE	30	0.3333333333	17	0.1176470588
사후	aux_rnaseq	brca_iatlas_anders_2022	CUP-AI-Dx	30	0.9333333333	17	0.1176470588
사후	aux_rnaseq	mel_dfci_2019	BASE-Z	121	0.8099173554	35	0.1428571429
사후	aux_rnaseq	mel_dfci_2019	SA-Z	121	0.8760330579	35	0
사후	aux_rnaseq	mel_dfci_2019	SCOPE	121	0.8347107438	35	0
사후	aux_rnaseq	mel_dfci_2019	CUP-AI-Dx	121	0.9090909091	35	0.1142857143
사후	aux_rnaseq	paad_iatlas_prince_2022	BASE-Z	58	0.03448275862	56	0.8392857143
사후	aux_rnaseq	paad_iatlas_prince_2022	SA-Z	58	0.01724137931	56	0.1785714286
사후	aux_rnaseq	paad_iatlas_prince_2022	SCOPE	58	0.01724137931	56	0.5714285714
사후	aux_rnaseq	paad_iatlas_prince_2022	CUP-AI-Dx	58	0.08620689655	56	0.875
사후	aux_rnaseq	GSE50760	BASE-Z	18	0.9444444444	18	0.3888888889
사후	aux_rnaseq	GSE50760	SA-Z	18	0.9444444444	18	0.05555555556
사후	aux_rnaseq	GSE50760	SCOPE	18	0.9444444444	18	0.05555555556
사후	aux_rnaseq	GSE50760	CUP-AI-Dx	18	1	18	0.7777777778
사후	aux_rnaseq	prad_su2c_2019	BASE-Z	226	0.8672566372	219	0.1095890411
사후	aux_rnaseq	prad_su2c_2019	SA-Z	226	0.9115044248	219	0.0502283105
사후	aux_rnaseq	prad_su2c_2019	SCOPE	226	0.7566371681	219	0.1415525114
사후	aux_rnaseq	prad_su2c_2019	CUP-AI-Dx	226	0.8362831858	219	0.1187214612
