note	analysis_cohort	set	method	n	top1	host_rate
사후	MET500	native_truth	BASE-Z	76	0.8026315789	0.05263157895
사후	MET500	native_truth	SA-Z	76	0.7894736842	0
사후	MET500	native_truth	SCOPE	76	0.6710526316	0.06578947368
사후	MET500	native_truth	CUP-AI-Dx	76	0.7763157895	0.1315789474
사후	MET500	risk	BASE-Z	361	0.6648199446	0.135734072
사후	MET500	risk	SA-Z	361	0.7146814404	0.04432132964
사후	MET500	risk	SCOPE	361	0.6177285319	0.1218836565
사후	MET500	risk	CUP-AI-Dx	361	0.6454293629	0.1800554017
사후	MET500	pool_out_risk	BASE-Z	9	0.6666666667	0
사후	MET500	pool_out_risk	SA-Z	9	0.7777777778	0
사후	MET500	pool_out_risk	SCOPE	9	0.7777777778	0
사후	MET500	pool_out_risk	CUP-AI-Dx	9	0.5555555556	0.1111111111
사후	POG570	native_truth	BASE-Z	91	0.8681318681	0.05494505495
사후	POG570	native_truth	SA-Z	91	0.8021978022	0.03296703297
사후	POG570	native_truth	SCOPE	91	0.7912087912	0.03296703297
사후	POG570	native_truth	CUP-AI-Dx	91	0.8351648352	0.05494505495
사후	POG570	risk	BASE-Z	378	0.6402116402	0.2275132275
사후	POG570	risk	SA-Z	378	0.7592592593	0.02380952381
사후	POG570	risk	SCOPE	378	0.6322751323	0.1587301587
사후	POG570	risk	CUP-AI-Dx	378	0.5502645503	0.3042328042
사후	POG570	pool_out_risk	BASE-Z	10	0.7	0
사후	POG570	pool_out_risk	SA-Z	10	0.8	0
사후	POG570	pool_out_risk	SCOPE	10	0.7	0
사후	POG570	pool_out_risk	CUP-AI-Dx	10	0.6	0.1
사후	aux_rnaseq	native_truth	BASE-Z	315	0.473015873	0
사후	aux_rnaseq	native_truth	SA-Z	315	0.7301587302	0
사후	aux_rnaseq	native_truth	SCOPE	315	0.3396825397	0
사후	aux_rnaseq	native_truth	CUP-AI-Dx	315	0.9587301587	0
사후	aux_rnaseq	risk	BASE-Z	427	0.5690866511	0.2037470726
사후	aux_rnaseq	risk	SA-Z	427	0.6861826698	0.05620608899
사후	aux_rnaseq	risk	SCOPE	427	0.5058548009	0.1569086651
사후	aux_rnaseq	risk	CUP-AI-Dx	427	0.6908665105	0.2716627635
사후	aux_rnaseq	pool_out_risk	BASE-Z	71	0.1408450704	0
사후	aux_rnaseq	pool_out_risk	SA-Z	71	0.5211267606	0.02816901408
사후	aux_rnaseq	pool_out_risk	SCOPE	71	0.04225352113	0.01408450704
사후	aux_rnaseq	pool_out_risk	CUP-AI-Dx	71	0.7887323944	0.1971830986
