note	cohort	mask	rep	method	n	top1	top1_change	n_at_risk	host_rate	host_rate_change	n_moved_to_esophagus
사후	MET500	GPL96	platform	BASE-Z	437	0.6681922197	-0.02059496568	361	0.1385041551	0.002770083102	1
사후	MET500	GPL96	platform	SA-Z	437	0.6384439359	-0.08924485126	361	0.04709141274	0.002770083102	5
사후	POG570	GPL96	platform	BASE-Z	512	0.646484375	-0.03515625	378	0.2248677249	-0.002645502646	2
사후	POG570	GPL96	platform	SA-Z	512	0.65234375	-0.103515625	378	0.03439153439	0.01058201058	4
사후	MET500	GPL20769	platform	BASE-Z	437	0.6681922197	-0.02059496568	361	0.1495844875	0.01385041551	7
사후	MET500	GPL20769	platform	SA-Z	437	0.647597254	-0.08009153318	361	0.03878116343	-0.005540166205	36
사후	POG570	GPL20769	platform	BASE-Z	512	0.66015625	-0.021484375	378	0.2513227513	0.02380952381	4
사후	POG570	GPL20769	platform	SA-Z	512	0.7265625	-0.029296875	378	0.04232804233	0.01851851852	21
사후	MET500	GPL15659	platform	BASE-Z	437	0.6681922197	-0.02059496568	361	0.1440443213	0.008310249307	7
사후	MET500	GPL15659	platform	SA-Z	437	0.7185354691	-0.009153318078	361	0.05263157895	0.008310249307	24
사후	POG570	GPL15659	platform	BASE-Z	512	0.6796875	-0.001953125	378	0.2380952381	0.01058201058	3
사후	POG570	GPL15659	platform	SA-Z	512	0.775390625	0.01953125	378	0.02645502646	0.002645502646	11
사후	MET500	prad_fhcrc_agilent	platform	BASE-Z	437	0.6750572082	-0.01372997712	361	0.1468144044	0.01108033241	3
사후	MET500	prad_fhcrc_agilent	platform	SA-Z	437	0.7139588101	-0.01372997712	361	0.05263157895	0.008310249307	12
사후	POG570	prad_fhcrc_agilent	platform	BASE-Z	512	0.67578125	-0.005859375	378	0.2354497354	0.007936507937	2
사후	POG570	prad_fhcrc_agilent	platform	SA-Z	512	0.7578125	0.001953125	378	0.02645502646	0.002645502646	1
