note	cohort	mask	method	top1_mean	top1_min	top1_max	top1_change_mean	host_rate_mean	host_rate_min	host_rate_max	n_moved_to_esophagus_mean	n_moved_to_esophagus_min	n_moved_to_esophagus_max
사후	MET500	GPL15659	BASE-Z	0.6844393593	0.6773455378	0.6933638444	-0.004347826087	0.1404432133	0.1329639889	0.1440443213	1.1	0	7
사후	MET500	GPL15659	SA-Z	0.7226544622	0.7116704805	0.7322654462	-0.005034324943	0.03961218837	0.03601108033	0.04432132964	5.5	0	26
사후	MET500	GPL20769	BASE-Z	0.681006865	0.6636155606	0.704805492	-0.007780320366	0.1371191136	0.1301939058	0.1468144044	7.7	0	19
사후	MET500	GPL20769	SA-Z	0.6784897025	0.6453089245	0.6979405034	-0.04919908467	0.03407202216	0.01939058172	0.04432132964	14.5	2	38
사후	MET500	GPL96	BASE-Z	0.6775743707	0.6407322654	0.6933638444	-0.01121281465	0.1407202216	0.1301939058	0.1523545706	4.3	0	18
사후	MET500	GPL96	SA-Z	0.6622425629	0.6041189931	0.7116704805	-0.06544622426	0.03628808864	0.03047091413	0.04986149584	10.7	0	50
사후	MET500	prad_fhcrc_agilent	BASE-Z	0.6871853547	0.6796338673	0.6979405034	-0.001601830664	0.1382271468	0.1301939058	0.1412742382	0.5	0	1
사후	MET500	prad_fhcrc_agilent	SA-Z	0.728604119	0.7139588101	0.7414187643	0.0009153318078	0.04155124654	0.03601108033	0.04986149584	2.4	0	12
사후	POG570	GPL15659	BASE-Z	0.67734375	0.66796875	0.6953125	-0.004296875	0.2341269841	0.2248677249	0.2433862434	0.6	0	2
사후	POG570	GPL15659	SA-Z	0.7482421875	0.720703125	0.7734375	-0.0076171875	0.02513227513	0.02116402116	0.0291005291	1	0	6
사후	POG570	GPL20769	BASE-Z	0.67734375	0.65234375	0.697265625	-0.004296875	0.228042328	0.2116402116	0.246031746	3.1	0	7
사후	POG570	GPL20769	SA-Z	0.7119140625	0.677734375	0.7734375	-0.0439453125	0.02433862434	0.01851851852	0.03703703704	7.1	0	21
사후	POG570	GPL96	BASE-Z	0.6673828125	0.63671875	0.693359375	-0.0142578125	0.2330687831	0.2169312169	0.2486772487	1.9	0	5
사후	POG570	GPL96	SA-Z	0.6765625	0.611328125	0.736328125	-0.079296875	0.0291005291	0.01587301587	0.04761904762	5.6	0	30
사후	POG570	prad_fhcrc_agilent	BASE-Z	0.67890625	0.671875	0.685546875	-0.002734375	0.2277777778	0.2195767196	0.2354497354	0.4	0	3
사후	POG570	prad_fhcrc_agilent	SA-Z	0.7564453125	0.740234375	0.779296875	0.0005859375	0.02407407407	0.02116402116	0.0291005291	0.2	0	2
