sample_id	PATIENT_ID	SAMPLE_ID	CANCER_TYPE	CANCER_TYPE_DETAILED	ONCOTREE_CODE	BIOPSY_SITE	SPECIMEN_PRESERVATION_TYPE	SAMPLE_TYPE	METASTASIZED	NEOICI_RX	NON_ICI_RX	RESPONSE	SAMPLE_TREATMENT	TIDE_NO_BENEFITS	TIDE_RESPONDER	TUMOR_TISSUE_TYPE	IMMUNE_SUBTYPE	CTA_SELF_NEOANTIGEN	FUSION_NEOANTIGEN	INDEL_NEOANTIGEN	SNV_NEOANTIGEN	SPLICE_NEOANTIGEN	VIRUS_NEOANTIGEN	ERV_NEOANTIGEN	LENS_ID	SOMATIC_STATUS	TMB_NONSYNONYMOUS	patient_id	raw_site	standard_site	organ	organ_rule	library	in_eval	in_native	in_risk	external_max	internal_max	flag_candidate
101	101	101	Breast Cancer	Invasive Breast Carcinoma	BRCA	Skin	FALSE	Metastasis	TRUE	Cyclophosphamide	Cyclophosphamide	Progressive Disease	Pre	FALSE	TRUE	Metastatic	C2								ar-0097b013	Matched	NA	101	Skin	skin	Breast	cohort	data_mrna_seq_tpm.txt	True	False	True	0.8415420045617525	0.9635158856005595	False
102	102	102	Breast Cancer	Invasive Breast Carcinoma	BRCA	Lymph Node	FALSE	Metastasis	TRUE	Cyclophosphamide	Cyclophosphamide	Progressive Disease	Pre	FALSE	TRUE		C2								ar-cc3db08d	Matched	NA	102	Lymph Node	lymph_node	Breast	cohort	data_mrna_seq_tpm.txt	True	False	True	0.8123144022698754	0.9377800951325626	False
103	103	103	Breast Cancer	Invasive Breast Carcinoma	BRCA	Skin	FALSE	Metastasis	TRUE	Cyclophosphamide	Cyclophosphamide	Progressive Disease	Pre	FALSE	TRUE	Metastatic	C1								ar-df24ad4f	Matched	NA	103	Skin	skin	Breast	cohort	data_mrna_seq_tpm.txt	True	False	True	0.7931201546536657	0.944215643150798	False
105	105	105	Breast Cancer	Invasive Breast Carcinoma	BRCA	Skin	FALSE	Metastasis	TRUE	Cyclophosphamide	Cyclophosphamide	Progressive Disease	Pre	FALSE	FALSE	Metastatic	C3								ar-df3aaf1b	Matched	NA	105	Skin	skin	Breast	cohort	data_mrna_seq_tpm.txt	True	False	True	0.7923644935579253	0.934825790836906	False
106	106	106	Breast Cancer	Invasive Breast Carcinoma	BRCA	Lymph Node	FALSE	Metastasis	TRUE	Cyclophosphamide	Cyclophosphamide	Stable Disease	Pre	FALSE	FALSE		C2	5	3	3	52	159	0	0	ad-2ad433cf+ar-99da7c53+nd-847fbd74+nr-CTRL	Matched	5.733333333	106	Lymph Node	lymph_node	Breast	cohort	data_mrna_seq_tpm.txt	True	False	True	0.821358308172938	0.9507516802648831	False
108	108	108	Breast Cancer	Invasive Breast Carcinoma	BRCA	Lymph Node	FALSE	Metastasis	TRUE	Cyclophosphamide	Cyclophosphamide	Partial Response	Pre	FALSE	TRUE		C4	6	2	9	120	84	0	0	ad-608fe304+ar-138eadd1+nd-7f4952f2+nr-CTRL	Matched	10.06666667	108	Lymph Node	lymph_node	Breast	cohort	data_mrna_seq_tpm.txt	True	False	True	0.8152466677909668	0.9409149053223294	False
109	109	109	Breast Cancer	Invasive Breast Carcinoma	BRCA	Breast	FALSE	Metastasis	TRUE	Cyclophosphamide	Cyclophosphamide	Progressive Disease	Pre	FALSE	TRUE		C2	8	2	1	130	236	0	0	ad-c43c0263+ar-ed0a31b7+nd-74138ac8+nr-CTRL	Matched	5.6	109	Breast	breast	Breast	cohort	data_mrna_seq_tpm.txt	True	True	False	0.8109183152132018	0.9539343578046434	False
110	110	110	Breast Cancer	Invasive Breast Carcinoma	BRCA	Skin	FALSE	Metastasis	TRUE	Cyclophosphamide	Cyclophosphamide	Complete Response	Pre	FALSE	TRUE	Metastatic	C2	6	2	71	247	140	0	0	ad-f0cfd6de+ar-1390af85+nd-0081bce2+nr-CTRL	Matched	20.5	110	Skin	skin	Breast	cohort	data_mrna_seq_tpm.txt	True	False	True	0.8339393234412933	0.9468500882626217	False
111	111	111	Breast Cancer	Invasive Breast Carcinoma	BRCA	Pleura	FALSE	Metastasis	TRUE	Cyclophosphamide	Cyclophosphamide	Progressive Disease	Pre	FALSE	TRUE	Metastatic	C4	9	3	7	93	26	0	0	ad-3e837c29+ar-55707ccd+nd-c57902f0+nr-CTRL	Matched	8.2	111	Pleura	pleura	Breast	cohort	data_mrna_seq_tpm.txt	True	False	True	0.8201157849049501	0.9293805054190453	False
112	112	112	Breast Cancer	Invasive Breast Carcinoma	BRCA	Breast	FALSE	Metastasis	TRUE	Cyclophosphamide	Cyclophosphamide	Progressive Disease	Pre	FALSE	TRUE		C2	8	0	12	237	150	0	0	ad-b91acdb8+ar-8fae8273+nd-3b3cf902+nr-CTRL	Matched	11.9	112	Breast	breast	Breast	cohort	data_mrna_seq_tpm.txt	True	True	False	0.8045891900633233	0.9434210577248727	False
113	113	113	Breast Cancer	Invasive Breast Carcinoma	BRCA	Skin	FALSE	Metastasis	TRUE	Cyclophosphamide	Cyclophosphamide	Stable Disease	Pre	FALSE	TRUE	Metastatic	C2	8	10	3	52	103	0	0	ad-7eaea9f3+ar-a5ea3fd3+nd-3e51fb43+nr-CTRL	Matched	4.466666667	113	Skin	skin	Breast	cohort	data_mrna_seq_tpm.txt	True	False	True	0.8457863241460013	0.9443037394316406	False
114	114	114	Breast Cancer	Invasive Breast Carcinoma	BRCA	Breast	FALSE	Metastasis	TRUE	Cyclophosphamide	Cyclophosphamide	Progressive Disease	Pre	FALSE	TRUE		C2	5	5	5	108	129	0	0	ad-40c5bba4+ar-c74e8c17+nd-c24b2e70+nr-CTRL	Matched	5.466666667	114	Breast	breast	Breast	cohort	data_mrna_seq_tpm.txt	True	True	False	0.833353201287941	0.9461820194506121	False
116	116	116	Breast Cancer	Invasive Breast Carcinoma	BRCA	Breast	FALSE	Metastasis	TRUE	Cyclophosphamide	Cyclophosphamide	Progressive Disease	Pre	FALSE	TRUE		C2	12	1	3	81	186	0	0	ad-aa41bf4c+ar-1cca98c4+nd-0e6bd264+nr-CTRL	Matched	5.966666667	116	Breast	breast	Breast	cohort	data_mrna_seq_tpm.txt	True	True	False	0.8067290867874202	0.9559879225755789	False
118	118	118	Breast Cancer	Invasive Breast Carcinoma	BRCA	Skin	FALSE	Metastasis	TRUE	Cyclophosphamide	Cyclophosphamide	Progressive Disease	Pre	FALSE	FALSE	Metastatic	C1	8	6	4	18	76	0	0	ad-5826dd04+ar-8b7be95c+nd-3ae0ef4f+nr-CTRL	Matched	3.166666667	118	Skin	skin	Breast	cohort	data_mrna_seq_tpm.txt	True	False	True	0.789069433297545	0.9104957946024314	False
121	121	121	Breast Cancer	Invasive Breast Carcinoma	BRCA	Lymph Node	FALSE	Metastasis	TRUE	Cyclophosphamide	Cyclophosphamide	Progressive Disease	Pre	FALSE	TRUE		C4	9	9	7	66	98	0	0	ad-3136d2c6+ar-542a96a0+nd-f478d928+nr-CTRL	Matched	6.1	121	Lymph Node	lymph_node	Breast	cohort	data_mrna_seq_tpm.txt	True	False	True	0.8406040624324549	0.9403256076030224	False
123	123	123	Breast Cancer	Invasive Breast Carcinoma	BRCA	Breast	FALSE	Metastasis	TRUE	Cyclophosphamide	Cyclophosphamide	Partial Response	Pre	FALSE	TRUE		C2	11	1	6	481	63	0	0	ad-edafc685+ar-c39be738+nd-04b04cf1+nr-CTRL	Matched	27.7	123	Breast	breast	Breast	cohort	data_mrna_seq_tpm.txt	True	True	False	0.8341576698381719	0.9439889202962116	False
125	125	125	Breast Cancer	Invasive Breast Carcinoma	BRCA	Breast	FALSE	Metastasis	TRUE	Cyclophosphamide	Cyclophosphamide	Progressive Disease	Pre	FALSE	TRUE		C2	7	3	3	107	74	0	0	ad-2bfc3918+ar-d5e1a456+nd-e6b2ce94+nr-CTRL	Matched	9.166666667	125	Breast	breast	Breast	cohort	data_mrna_seq_tpm.txt	True	True	False	0.8366986985100411	0.9507652851256733	False
127	127	127	Breast Cancer	Invasive Breast Carcinoma	BRCA	Breast	FALSE	Metastasis	TRUE	Cyclophosphamide	Cyclophosphamide	Progressive Disease	Pre	FALSE	TRUE		C6	2	0	4	132	61	0	0	ad-2f5e4fcc+ar-d5ffa602+nd-5483d244+nr-CTRL	Matched	15.53333333	127	Breast	breast	Breast	cohort	data_mrna_seq_tpm.txt	True	True	False	0.8185733470228393	0.9642286964185613	False
129	129	129	Breast Cancer	Invasive Breast Carcinoma	BRCA	Breast	FALSE	Metastasis	TRUE	Cyclophosphamide	Cyclophosphamide	Progressive Disease	Pre	FALSE	TRUE		C4	6	2	6	43	95	0	0	ad-59b7708b+ar-931f754a+nd-75f7afc3+nr-CTRL	Matched	4.533333333	129	Breast	breast	Breast	cohort	data_mrna_seq_tpm.txt	True	True	False	0.831028862326078	0.9417962712009085	False
131	131	131	Breast Cancer	Invasive Breast Carcinoma	BRCA	Na	FALSE	Metastasis	TRUE	Cyclophosphamide	Cyclophosphamide	Partial Response	Pre	FALSE	TRUE		C6	4	2	4	34	59	0	0	ad-774aaae9+ar-5b6ea3b5+nd-38468d2e+nr-CTRL	Matched	2.466666667	131	Na		Breast	cohort	data_mrna_seq_tpm.txt	False	False	False	0.8232881846717743	0.9642286964185613	False
133	133	133	Breast Cancer	Invasive Breast Carcinoma	BRCA	Lung	FALSE	Metastasis	TRUE	Cyclophosphamide	Cyclophosphamide	Progressive Disease	Pre	FALSE	TRUE	Metastatic	C4								ar-1d9072a9	Matched	NA	133	Lung	lung	Breast	cohort	data_mrna_seq_tpm.txt	True	False	True	0.7838909547141242	0.919262743254137	False
134	134	134	Breast Cancer	Invasive Breast Carcinoma	BRCA	Breast	FALSE	Metastasis	TRUE	Cyclophosphamide	Cyclophosphamide	Progressive Disease	Pre	FALSE	TRUE		C2	6	14	4	48	68	0	0	ad-17d47f3d+ar-51f10d98+nd-861c98a5+nr-CTRL	Matched	4.266666667	134	Breast	breast	Breast	cohort	data_mrna_seq_tpm.txt	True	True	False	0.8386716767032159	0.9557458458449385	False
136	136	136	Breast Cancer	Invasive Breast Carcinoma	BRCA	Lymph Node	FALSE	Metastasis	TRUE	Cyclophosphamide	Cyclophosphamide	Partial Response	Pre	FALSE	TRUE		C4								ar-fa9df4b9	Matched	NA	136	Lymph Node	lymph_node	Breast	cohort	data_mrna_seq_tpm.txt	True	False	True	0.7934872432246273	0.9207802379890851	False
137	137	137	Breast Cancer	Invasive Breast Carcinoma	BRCA	Breast	FALSE	Metastasis	TRUE	Cyclophosphamide	Cyclophosphamide	Progressive Disease	Pre	FALSE	TRUE		C6	1	12	2	171	75	0	0	ad-42573cf8+ar-de622931+nd-f99509fa+nr-CTRL	Matched	13.36666667	137	Breast	breast	Breast	cohort	data_mrna_seq_tpm.txt	True	True	False	0.8117112403185867	0.9635959104698699	False
139	139	139	Breast Cancer	Invasive Breast Carcinoma	BRCA	Lymph Node	FALSE	Metastasis	TRUE	Cyclophosphamide	Cyclophosphamide	Partial Response	Pre	FALSE	TRUE		C2	11	4	12	38	101	0	0	ad-4b713722+ar-2b653830+nd-f241dd8e+nr-CTRL	Matched	3.566666667	139	Lymph Node	lymph_node	Breast	cohort	data_mrna_seq_tpm.txt	True	False	True	0.8424595997702862	0.9635158856005596	False
140	140	140	Breast Cancer	Invasive Breast Carcinoma	BRCA	Breast	FALSE	Metastasis	TRUE	Cyclophosphamide	Cyclophosphamide	Progressive Disease	Pre	FALSE	TRUE		C6	6	4	2	26	124	0	0	ad-54ce0153+ar-49c18bf4+nd-e1e5cf7e+nr-CTRL	Matched	2.6	140	Breast	breast	Breast	cohort	data_mrna_seq_tpm.txt	True	True	False	0.8224668641482182	0.954278078513197	False
141	141	141	Breast Cancer	Invasive Breast Carcinoma	BRCA	Breast	FALSE	Metastasis	TRUE	Cyclophosphamide	Cyclophosphamide	Stable Disease	Pre	FALSE	TRUE		C2	16	16	5	36	105	0	0	ad-cba8d224+ar-daa59143+nd-a4661275+nr-CTRL	Matched	2.966666667	141	Breast	breast	Breast	cohort	data_mrna_seq_tpm.txt	True	True	False	0.8292878154661325	0.941933035442954	False
142	142	142	Breast Cancer	Invasive Breast Carcinoma	BRCA	Thyroid	FALSE	Metastasis	TRUE	Cyclophosphamide	Cyclophosphamide	Progressive Disease	Pre	FALSE	TRUE	Metastatic	C4	3	2	0	29	51	0	0	ad-7c8605e8+ar-4d14e0db+nd-4241e0b7+nr-CTRL	Matched	2.366666667	142	Thyroid	thyroid	Breast	cohort	data_mrna_seq_tpm.txt	True	False	True	0.8116580739157693	0.9408189220720597	False
145	145	145	Breast Cancer	Invasive Breast Carcinoma	BRCA	Liver	FALSE	Metastasis	TRUE	Cyclophosphamide	Cyclophosphamide	Progressive Disease	Pre	FALSE	TRUE	Metastatic	C4	6	5	2	27	80	0	0	ad-2a7ad178+ar-d49117a4+nd-443450aa+nr-CTRL	Matched	2.033333333	145	Liver	liver	Breast	cohort	data_mrna_seq_tpm.txt	True	False	True	0.7895953817557568	0.8672221264484358	False
148	148	148	Breast Cancer	Invasive Breast Carcinoma	BRCA	Breast	FALSE	Metastasis	TRUE	Cyclophosphamide	Cyclophosphamide	Partial Response	Pre	FALSE	TRUE		C2	16	7	3	66	62	0	0	ad-472e7711+ar-84c6f9ce+nd-48264084+nr-CTRL	Matched	4	148	Breast	breast	Breast	cohort	data_mrna_seq_tpm.txt	True	True	False	0.8242662649527897	0.9596221508343108	False
149	149	149	Breast Cancer	Invasive Breast Carcinoma	BRCA	Skin	FALSE	Metastasis	TRUE	Cyclophosphamide	Cyclophosphamide	Progressive Disease	Pre	FALSE	TRUE	Metastatic	C4	8	3	8	80	182	0	0	ad-c7fc0b9e+ar-00dcfb9b+nd-f51c598f+nr-CTRL	Matched	4.366666667	149	Skin	skin	Breast	cohort	data_mrna_seq_tpm.txt	True	False	True	0.7929323852772936	0.9287982160421068	False
