sample_id	patient_id	raw_site	standard_site	organ	organ_rule	library	lcm	overlap_note	in_eval	in_native	in_risk
00-010N_PROSTATE	00-010	PROSTATE	prostate	Prostate	cohort	cBio data_mrna_agilent_microarray.txt	False	sample id absent from GSE74685 source_name_ch2	True	True	False
00-029T2_PELVIC_MASS	00-029	PELVIC_MASS	other	Prostate	cohort	cBio data_mrna_agilent_microarray.txt	False	sample id absent from GSE74685 source_name_ch2	True	False	False
00-140G_LIVER	00-140	LIVER	liver	Prostate	cohort	cBio data_mrna_agilent_microarray.txt	False	sample id absent from GSE74685 source_name_ch2	True	False	True
00-140K3_BLADDER	00-140	BLADDER	bladder	Prostate	cohort	cBio data_mrna_agilent_microarray.txt	False	sample id absent from GSE74685 source_name_ch2	True	False	True
00-140N_LN	00-140	LN	lymph_node	Prostate	cohort	cBio data_mrna_agilent_microarray.txt	False	sample id absent from GSE74685 source_name_ch2	True	False	True
02-065P3_PROSTATE	02-065	PROSTATE	prostate	Prostate	cohort	cBio data_mrna_agilent_microarray.txt	False	sample id absent from GSE74685 source_name_ch2	True	True	False
03-192B_LUNG	03-192	LUNG	lung	Prostate	cohort	cBio data_mrna_agilent_microarray.txt	False	sample id absent from GSE74685 source_name_ch2	True	False	True
03-192N2_PROSTATE	03-192	PROSTATE	prostate	Prostate	cohort	cBio data_mrna_agilent_microarray.txt	False	sample id absent from GSE74685 source_name_ch2	True	True	False
04-050N1_PROSTATE	04-050	PROSTATE	prostate	Prostate	cohort	cBio data_mrna_agilent_microarray.txt	False	sample id absent from GSE74685 source_name_ch2	True	True	False
04-050O2_PROSTATE	04-050	PROSTATE	prostate	Prostate	cohort	cBio data_mrna_agilent_microarray.txt	False	sample id absent from GSE74685 source_name_ch2	True	True	False
04-101F2_PROSTATE	04-101	PROSTATE	prostate	Prostate	cohort	cBio data_mrna_agilent_microarray.txt	False	sample id absent from GSE74685 source_name_ch2	True	True	False
04-112N1_BLADDER	04-112	BLADDER	bladder	Prostate	cohort	cBio data_mrna_agilent_microarray.txt	False	sample id absent from GSE74685 source_name_ch2	True	False	True
04-149J1_PROSTATE	04-149	PROSTATE	prostate	Prostate	cohort	cBio data_mrna_agilent_microarray.txt	False	sample id absent from GSE74685 source_name_ch2	True	True	False
05-092D1_BLADDER	05-092	BLADDER	bladder	Prostate	cohort	cBio data_mrna_agilent_microarray.txt	False	sample id absent from GSE74685 source_name_ch2	True	False	True
05-123D1_PROSTATE	05-123	PROSTATE	prostate	Prostate	cohort	cBio data_mrna_agilent_microarray.txt	False	sample id absent from GSE74685 source_name_ch2	True	True	False
05-144R1_PROSTATE	05-144	PROSTATE	prostate	Prostate	cohort	cBio data_mrna_agilent_microarray.txt	False	sample id absent from GSE74685 source_name_ch2	True	True	False
05-187I1_PROSTATE	05-187	PROSTATE	prostate	Prostate	cohort	cBio data_mrna_agilent_microarray.txt	False	sample id absent from GSE74685 source_name_ch2	True	True	False
06-081D3_PROSTATE	06-081	PROSTATE	prostate	Prostate	cohort	cBio data_mrna_agilent_microarray.txt	False	sample id absent from GSE74685 source_name_ch2	True	True	False
06-081E_LIVER	06-081	LIVER	liver	Prostate	cohort	cBio data_mrna_agilent_microarray.txt	False	sample id absent from GSE74685 source_name_ch2	True	False	True
07-044KK_BONE	07-044	BONE	bone	Prostate	cohort	cBio data_mrna_agilent_microarray.txt	False	sample id absent from GSE74685 source_name_ch2	True	False	True
08-020D1_PROSTATE	08-020	PROSTATE	prostate	Prostate	cohort	cBio data_mrna_agilent_microarray.txt	False	sample id absent from GSE74685 source_name_ch2	True	True	False
12-011D26_PROSTATE	12-011	PROSTATE	prostate	Prostate	cohort	cBio data_mrna_agilent_microarray.txt	False	sample id absent from GSE74685 source_name_ch2	True	True	False
12-011J1_BLADDER	12-011	BLADDER	bladder	Prostate	cohort	cBio data_mrna_agilent_microarray.txt	False	sample id absent from GSE74685 source_name_ch2	True	False	True
97-201H_BLADDER	97-201	BLADDER	bladder	Prostate	cohort	cBio data_mrna_agilent_microarray.txt	False	sample id absent from GSE74685 source_name_ch2	True	False	True
97-201I_PROSTATE	97-201	PROSTATE	prostate	Prostate	cohort	cBio data_mrna_agilent_microarray.txt	False	sample id absent from GSE74685 source_name_ch2	True	True	False
98-372K2_BLADDER_NECK	98-372	BLADDER_NECK	other	Prostate	cohort	cBio data_mrna_agilent_microarray.txt	False	sample id absent from GSE74685 source_name_ch2	True	False	False
99-069I_BLADDER_NECK	99-069	BLADDER_NECK	other	Prostate	cohort	cBio data_mrna_agilent_microarray.txt	False	sample id absent from GSE74685 source_name_ch2	True	False	False
