cohort	file	url	bytes	sha256	license
blca_iatlas_imvigor210_2017	data_mrna_seq_tpm.txt	https://raw.githubusercontent.com/cBioPortal/datahub/master/public/blca_iatlas_imvigor210_2017/data_mrna_seq_tpm.txt	166295023	e13445ffecb9f77b97c3ee0c50b8a2c591e79b0daef55ebbd009bdde6905228c	The data are available under the ODC Open Database License (ODbL)(http://opendatacommons.org/licenses/odbl/1.0/) (summary available here: http://www.opendatacommons.org/licenses/odbl/1-0/summary/): you are free to share and modify the data so long as you attribute any public use of the database, or works produced from the database; keep the resulting data-sets open; and offer your shared or adapted version of the data-set under the same ODbL license.
brca_iatlas_anders_2022	data_mrna_seq_tpm.txt	https://raw.githubusercontent.com/cBioPortal/datahub/master/public/brca_iatlas_anders_2022/data_mrna_seq_tpm.txt	15218926	03cb70080af74db11911f332cac0fc0c7437dacaaed2cd81b1775facbdcc47ee	The data are available under the ODC Open Database License (ODbL)(http://opendatacommons.org/licenses/odbl/1.0/) (summary available here: http://www.opendatacommons.org/licenses/odbl/1-0/summary/): you are free to share and modify the data so long as you attribute any public use of the database, or works produced from the database; keep the resulting data-sets open; and offer your shared or adapted version of the data-set under the same ODbL license.
mel_dfci_2019	data_mrna_seq_tpm.txt	https://raw.githubusercontent.com/cBioPortal/datahub/master/public/mel_dfci_2019/data_mrna_seq_tpm.txt	26276330	5b12ee2a161cbce35274d5ed6a999e89d6fcb21679cd10f2f8e8e0374c6c2dd4	The data are available under the ODC Open Database License (ODbL)(http://opendatacommons.org/licenses/odbl/1.0/) (summary available here: http://www.opendatacommons.org/licenses/odbl/1-0/summary/): you are free to share and modify the data so long as you attribute any public use of the database, or works produced from the database; keep the resulting data-sets open; and offer your shared or adapted version of the data-set under the same ODbL license.
paad_iatlas_prince_2022	data_mrna_seq_expression.txt	https://raw.githubusercontent.com/cBioPortal/datahub/master/public/paad_iatlas_prince_2022/data_mrna_seq_expression.txt	48613926	fba9597ea9fc399cc45ceb8a647a7b24c006045d59890565b12300644b7cc550	The data are available under the ODC Open Database License (ODbL)(http://opendatacommons.org/licenses/odbl/1.0/) (summary available here: http://www.opendatacommons.org/licenses/odbl/1-0/summary/): you are free to share and modify the data so long as you attribute any public use of the database, or works produced from the database; keep the resulting data-sets open; and offer your shared or adapted version of the data-set under the same ODbL license.
skcm_mskcc_2014	data_mrna_seq_rpkm.txt	https://raw.githubusercontent.com/cBioPortal/datahub/master/public/skcm_mskcc_2014/data_mrna_seq_rpkm.txt	4923259	c946b9722b29d0f0a3cb5c356a4a11763c4f3fa0c84d54113d974ba4d3fe28ec	The data are available under the ODC Open Database License (ODbL)(http://opendatacommons.org/licenses/odbl/1.0/) (summary available here: http://www.opendatacommons.org/licenses/odbl/1-0/summary/): you are free to share and modify the data so long as you attribute any public use of the database, or works produced from the database; keep the resulting data-sets open; and offer your shared or adapted version of the data-set under the same ODbL license.
prad_su2c_2019	data_mrna_seq_fpkm_polya.txt	https://raw.githubusercontent.com/cBioPortal/datahub/master/public/prad_su2c_2019/data_mrna_seq_fpkm_polya.txt	55512092	9702ae7e2f131b054dd5438b2ae7161bfaa5ca01d54b5f4977e393299f081f14	The data are available under the ODC Open Database License (ODbL)(http://opendatacommons.org/licenses/odbl/1.0/) (summary available here: http://www.opendatacommons.org/licenses/odbl/1-0/summary/): you are free to share and modify the data so long as you attribute any public use of the database, or works produced from the database; keep the resulting data-sets open; and offer your shared or adapted version of the data-set under the same ODbL license.
prad_su2c_2019	data_mrna_seq_fpkm_capture.txt	https://raw.githubusercontent.com/cBioPortal/datahub/master/public/prad_su2c_2019/data_mrna_seq_fpkm_capture.txt	44689675	552b7c8868d68a24ad83321e10223aa70de0b9776db26c8d30fa865297f846e1	The data are available under the ODC Open Database License (ODbL)(http://opendatacommons.org/licenses/odbl/1.0/) (summary available here: http://www.opendatacommons.org/licenses/odbl/1-0/summary/): you are free to share and modify the data so long as you attribute any public use of the database, or works produced from the database; keep the resulting data-sets open; and offer your shared or adapted version of the data-set under the same ODbL license.
GSE71729	GSE71729_RAW.tar	https://ftp.ncbi.nlm.nih.gov/geo/series/GSE71nnn/GSE71729/suppl/GSE71729_RAW.tar	4169062400	fc35ee0d16897765c329620f01747db9e6ba7eed2ee035e59ea99b863b551201	
GSE74685	GSE74685_RAW.tar	https://ftp.ncbi.nlm.nih.gov/geo/series/GSE74nnn/GSE74685/suppl/GSE74685_RAW.tar	1827102720	ee0725ca3164709a673d9e450e61a273804ee34a47872752af1828003f7c6748	
GSE74685	GPL15659_data.txt	https://www.ncbi.nlm.nih.gov/geo/query/acc.cgi?acc=GPL15659&targ=self&view=data&form=text	21006098	1dffa313b28a9ca43238c3a6d054f9db5e393bf98ef61dd325f59dd89c565a62	
prad_fhcrc	prad_fhcrc_data_mrna_agilent_microarray.txt	https://raw.githubusercontent.com/cBioPortal/datahub/master/public/prad_fhcrc/data_mrna_agilent_microarray.txt	39897401	6d1a35e0fb2d2855a4a2cf960b6c118baded1d0283540a05d2e072ba59b68f02	The data are available under the ODC Open Database License (ODbL)(http://opendatacommons.org/licenses/odbl/1.0/) (summary available here: http://www.opendatacommons.org/licenses/odbl/1-0/summary/): you are free to share and modify the data so long as you attribute any public use of the database, or works produced from the database; keep the resulting data-sets open; and offer your shared or adapted version of the data-set under the same ODbL license.
GSE50760	GSE50760_RAW.tar	https://ftp.ncbi.nlm.nih.gov/geo/series/GSE50nnn/GSE50760/suppl/GSE50760_RAW.tar	7741440	dfaa2af4606da913271ffc15e6ef243089898021e904ce2ee90b0202a1af2662	
GSE209998	GSE209998_AUR_129_raw_counts.txt.gz	https://ftp.ncbi.nlm.nih.gov/geo/series/GSE209nnn/GSE209998/suppl/GSE209998_AUR_129_raw_counts.txt.gz	14367631	8bf866f7b2ecb80a96b6a4b4cef10d0738a652836ef982d9cfe38592fbca103c	
GSE41258	GSE41258_series_matrix.txt.gz	https://ftp.ncbi.nlm.nih.gov/geo/series/GSE41nnn/GSE41258/matrix/GSE41258_series_matrix.txt.gz	17537584	95931c3bb5fef20e4e056e4e3b1c354aa9272a7e1c60e1fd54e2849b30bb582a	
GSE14018	GSE14018_series_matrix.txt.gz	https://ftp.ncbi.nlm.nih.gov/geo/series/GSE14nnn/GSE14018/matrix/GSE14018_series_matrix.txt.gz	6445145	58a7480b5254688784882ed7eef90d724b234578db2b82759fb1bbe9e890bad4	
GPL96	GPL96.annot.gz	https://ftp.ncbi.nlm.nih.gov/geo/platforms/GPLnnn/GPL96/annot/GPL96.annot.gz	4522748	88e0b22362bac779eb220b3b185c80faa6510a92b9358eaad159a561ab4351c4	
