path	size_bytes	sha256
results/stage7/confirm/predictions.parquet	6334235	dc36e51aeac9cde7880fd8a70eff05d17236a264f82fd118779a305e63e8acbc
results/stage7/confirm/predictions.sha256	65	17ce6def479ff6b864283a2c1dc8e6a7ae7fbd7aa1f567d4c683cbb66c1f9462
results/stage7/confirm/tables/conformal.tsv	7396	4688861a4ecb616a6dd358c5352501c16649a4713a3a22e538c2615791a2dd4f
results/stage7/confirm/tables/hypothesis_primary.tsv	503	cd7fc1e3957069e5bf183b7cd46304b8b1de45dd52341ed1c81b4e2bf22ef69f
results/stage7/confirm/tables/hypothesis_secondary.tsv	349	74aa08675b16dccd0217df13b1d7be617789bf5de72745c6f87ace128f649af7
results/stage7/confirm/tables/meta_analysis.tsv	1363	c26dac7659a5767ef7d29a5315ba8f97456736a7fccd9603a1ce0867f0f4f6a3
results/stage7/confirm/tables/metrics.tsv	69846	a567c4c5718a3fc73cb7ed34f277c4b9456bbba72506ba70ecbf16d5d5c9708e
results/stage7/confirm/tables/microarray_effects.tsv	914	46a704d2927bae68dfd838fa1126f9fbd94c2bdc0ad579480cd835c09e7464f5
results/stage7/confirm/tables/sensitivity.tsv	1030	6c7b455f66e3eff3a445973df7ff39ae20aca7a9e504d80deca6f1c29660882c
