path	size_bytes	sha256	note
results/stage8/external/cup/GSE50760.tsv	9216	2f431a23e5ef393b9a4d17987dcbc09cd53f62c299d0bcd5220d465208a7f9b5	
results/stage8/external/cup/GSE50760_risk.tsv	9160	f4cbbb8b9fe0b1b2391cd19f03e1ec6b7fc994db11dd9c8416936bda04998bbd	GSE50760 risk-only supplement
results/stage8/external/cup/MET500.tsv	225764	01e87f6f9717569c045b6d7bbe90c4e273e20d361c966c9e01e720e58948ae1d	
results/stage8/external/cup/POG570.tsv	251638	6e79ca18009adf296830d204e55388d54ba45f20b25a687f61ef2a8cdcf9805f	
results/stage8/external/cup/blca_iatlas_imvigor210_2017.tsv	135689	5bd1d34b6f4c1471fe2763d4392e638439d336764267271c21bf75a436603f99	
results/stage8/external/cup/brca_iatlas_anders_2022.tsv	14839	8dcef14451872c71ee12090974a6158812d58718d7194ef8fd76978346e34e77	
results/stage8/external/cup/mel_dfci_2019.tsv	59998	f72e77ec96a10905e3fc200bdf79e21be113e1cde1e93756d0ed71263dbae3b0	
results/stage8/external/cup/paad_iatlas_prince_2022.tsv	29107	0c4446b31de728656109fbc3a478f189c7d04f98bc1e2d0fb5dd003fc4ee2985	
results/stage8/external/cup/prad_su2c_2019.tsv	114001	03a3d645bffbf4b12a4d7c9ef0c7a67176e805b45f329996d38d48ef0dd35af3	
results/stage8/external/scope/GSE50760/SCOPE_topPredictions.txt	2666	814df8e1920b511507fe2b16667729243424e9526a5db4fcd450a28797289123	
results/stage8/external/scope/GSE50760/SCOPE_meanProbabilities.tsv	18654	f7c061b60748bff453cf3af65c1a527322e0b46eb166e7e4e81186a5b03b2dc6	
results/stage8/external/scope/GSE50760_risk/SCOPE_topPredictions.txt	2996	98a6230e62961ca9563f4bfce4540810ea269c8c85b0c9d6b51ea8e032dbee1a	GSE50760 risk-only supplement
results/stage8/external/scope/GSE50760_risk/SCOPE_meanProbabilities.tsv	18654	da49c791a171b3adc599755ae08febff67cb676bd8e1bf89dc85915e04981e66	GSE50760 risk-only supplement
results/stage8/external/scope/MET500/SCOPE_topPredictions.txt	98204	7ef67e676cabfeb6fd0aa1b7e3801a759183c9dfdd5b3f1407ab5e10f252a677	
results/stage8/external/scope/MET500/SCOPE_meanProbabilities.tsv	446855	804db15fba5448a351b035ad6d2458db1285965d9dbab4ad28efa03f623a2a63	
results/stage8/external/scope/POG570/SCOPE_topPredictions.txt	78619	0747db1e9dfb1127c0a56a46338aadb763fb338750f6115b8dd6e5733792b793	
results/stage8/external/scope/POG570/SCOPE_meanProbabilities.tsv	510541	10d5072bab159427bf1bf2b6d42050ebd2e4aad9c19692ea49cd7bfa3beaae41	
results/stage8/external/scope/POG570_x2/SCOPE_topPredictions.txt	78611	399bde4deb9affbe0402f0ab13933aea1f200fb9144c36833e42b28c8031119d	
results/stage8/external/scope/POG570_x2/SCOPE_meanProbabilities.tsv	510541	651acdaf3f0ef13cd95323e6ffc2fa58203bcbada53b47f74720ea85de44c0b5	
results/stage8/external/scope/blca_iatlas_imvigor210_2017/SCOPE_topPredictions.txt	47751	9fc98891ae656af879d2d0b574f6c9c4cb28209227a9872ff319cc0051415d0d	
results/stage8/external/scope/blca_iatlas_imvigor210_2017/SCOPE_meanProbabilities.tsv	275485	e20e2c785a9aa340d53eef9ac6c71346fbaf8f467dd933caf3b20559d5be7eb5	
results/stage8/external/scope/blca_iatlas_imvigor210_2017_x2/SCOPE_topPredictions.txt	47768	3ca186711a8ca86d01767361bc18b7f97ca45752831182485e4193f35beaa977	
results/stage8/external/scope/blca_iatlas_imvigor210_2017_x2/SCOPE_meanProbabilities.tsv	275485	2e8c38b067830df0f5813a7aa71a234c32bf7d68ab34d1431750138df2031e98	
results/stage8/external/scope/brca_iatlas_anders_2022/SCOPE_topPredictions.txt	5311	514f6ae508e2bcc4303a37e24e92be6a59ecd60f96a2fea6f2ce6efbd5dc04ad	
results/stage8/external/scope/brca_iatlas_anders_2022/SCOPE_meanProbabilities.tsv	30409	472a8d44fc856450a0ed9b92bcee1283a5bd3a13311855936e884c93a40801a0	
results/stage8/external/scope/brca_iatlas_anders_2022_x2/SCOPE_topPredictions.txt	5301	9662aafd0c858fd6fc0244bccf5747ffd4728a45303d68adff93acebdcd66eda	
results/stage8/external/scope/brca_iatlas_anders_2022_x2/SCOPE_meanProbabilities.tsv	30409	a4c42fa8e0c3a0ef180c6317674f75e0a55ef0c710ad5b9dc09df1e7fe251c70	
results/stage8/external/scope/mel_dfci_2019/SCOPE_topPredictions.txt	21726	35376225431ef193340edd96757d51a83cca3f45fa5205d68d39000bd74e787b	
results/stage8/external/scope/mel_dfci_2019/SCOPE_meanProbabilities.tsv	121527	8ca9f73865410451cfc4e4b84475d072e468ccd3ff8c0ebb82ae51581af0dd77	
results/stage8/external/scope/mel_dfci_2019_x2/SCOPE_topPredictions.txt	21835	e96f0b638dbc9d09ffbab5ef66c4804921e85aca9826286cdee815ae3a3c922a	
results/stage8/external/scope/mel_dfci_2019_x2/SCOPE_meanProbabilities.tsv	121527	f52c999928ab798c487f214059c3fb49f7546543beafdba313bd52b6cd3cca64	
results/stage8/external/scope/paad_iatlas_prince_2022/SCOPE_topPredictions.txt	10799	4fc9004af742805c1c2a1c20d58043233b34183606799bd371662d402a238dff	
results/stage8/external/scope/paad_iatlas_prince_2022/SCOPE_meanProbabilities.tsv	58813	44f2cc5dcbdcb54c1182378af379f3e91c29b2c0842daa978334a055d4ab4d84	
results/stage8/external/scope/paad_iatlas_prince_2022_x2/SCOPE_topPredictions.txt	10805	880a49d740ddc4011316dd5499198d5f589267a31d71065930b9cae19b6321d1	
results/stage8/external/scope/paad_iatlas_prince_2022_x2/SCOPE_meanProbabilities.tsv	58813	d54dd6f02f7106c4bfd07cc3b3f32755a136d4854e6c9683a1029ef1f14b54ee	
results/stage8/external/scope/prad_su2c_2019/SCOPE_topPredictions.txt	39461	5cf2217a23a98267790971dc88e8f22c13893d53811326f88af0ad31ca74d108	
results/stage8/external/scope/prad_su2c_2019/SCOPE_meanProbabilities.tsv	228551	216faeb47aa790826f989c50e674bf030bab1998a4b67d903ba1323df5ff6b3a	
results/stage8/external/scope/scale_check.tsv	183	da6f02996a2f2d1c79f9d6974bed15168a12384969fb5279ec9a1e9f962d3beb	
results/stage8/external/tables/class_distribution.tsv	97347	d19d499435aba48cf6380a3ccd12446d60be99440d3078596a1aa317bbb7daf9	
results/stage8/external/tables/host_by_site_group.tsv	9696	14c92242e95884d7cf41af87b97991fbbe1f6715220b64565966b4556d6c3809	
results/stage8/external/tables/id_overlap.tsv	279	b900e6d70a609d51026051386c9661369b55791c467772dd4c09eee675ab4608	
results/stage8/external/tables/metrics.tsv	4798	9e00d117dbd0970f96f3de1135e778627905ce5c354980175b71740165dd0369	
results/stage8/external/tables/paired.tsv	8497	ea6acb70a5b41d88538e199b26918844e442bc9bb4d77a11ab78ce2a618b4755	
results/stage8/external/tables/sample_predictions.tsv	217923	06a38f13be492b5504a064588d3678c41ea3b5d14f32625fad720011f222015b	
results/stage8/external/inputs/GSE50760_risk.scope.tsv.gz	1214990	f60603ba7198f1764c386654c2445584c00ca6474a74be7d7fd3bbd59ab4125b	GSE50760 risk-only supplement
results/stage8/external/inputs/GSE50760_risk.cup.tsv.gz	67517	a99928d34da8277eba0dbc87d9aa80143933a70dde584ed9f36cf99b5b29f5d4	GSE50760 risk-only supplement
results/stage8/external/inputs/hgnc_complete_set.txt	16953545	91d0ad20c34f26fb12c8cce3f80a65a6fc694f3a508040b19f6bfa29ae0d889e	
