path	role	size_bytes	sha256
scripts/24_aux_confirm.py	code	55094	9d1fc69218eca2c37048c66a6600d039f155f9da783238dcb1c9ae21eedb2806
scripts/26_check_confirm.py	code	24532	2d5e21934edd3fa4e0435cd178e93b4a26271b3cd6ec4a7d190f7221d3febe71
scripts/stage2_common.py	code	7854	18f386d47d28a084677d90a4ae95bd15d37f1f3d1741f0476f3583bd264a9a2a
scripts/stage2_fit.py	code	6515	abe873accd2959cfdc2860a68cfc57db92f9195a06d3af9090bce69b83c18b49
scripts/stage5_lib.py	code	12419	273d79d17c01b6036709a9568ccf4fec213328bea56b8a1c751e7cf0fbee2b43
scripts/metrics.py	code	5444	82df1e6b1cf4fc45eea246db098b3ff6c3b8395e798df93f0a5f727b6d2f679e
scripts/mapping_rules.py	code	10767	32a789c73100d35663071a0b72415fe821d6ee2ab7bce981cada10ee214e6524
scripts/util.py	code	1567	e6d4734376daaa3140d394e744e141455036d7dc59690f7d1b1a2000b8089ed0
scripts/ks_fast.py	code	3744	c0129fe62c65bd8654d8bb1c4a62b07242e7e6927da3c29880f75c43d0446c90
