step	elapsed	max_rss_kbytes
02_audit	0:12.52	656704
03_splits	0:01.72	199724
03_genes	0:47.38	325336
04_matrices	12:51.34	1858108
05_ks_validate	0:10.34	2395400
05_ks_compute	1:12.27	3202372
06_measure	7:31.92	6910108
01_download_log	0:10.51	47812
07_host_proxy	0:03.92	1641872
08_train	59:14.58	23487616
09_eval	13:02.56	4894780
10_define_sets	0:10.61	4840288
11_freeze	0:31.55	1278028
12_confirm_fake	0:02.65	246896
12_confirm_real	0:02.90	242120
13_posthoc	0:01.26	162684
14_stage5_train	50:57.93	12912864
15_stage5_eval	24:56.18	3505140
16_stage5_post	0:36.29	424380
18_aux_meta	0:37.48	260216
19_aux_build	8:14.11	2109624
20_aux_geo	0:54.05	1708464
21_aux_twochannel	1:56.06	642244
22_aux_fhcrc	0:07.57	640100
15_tcga_variants	0:14.56	2466612
25_stage6_prepare	0:06:01.14	2304168
24_aux_confirm_synthetic	14:43.26	2025136
24_aux_confirm_synthetic_A7	14:02.40	2048588
24_aux_confirm_real	3:59.42	1595096
27_posthoc_A7	2:31.44	1793020
28_external_inputs	8:09.29	1913160
29_cup_check	0:13.09	697160
29_cup_cohorts	0:13.21	727752
30_scope_GSE50760	3:05.54	7333088
30_scope_rest	42:29.28	7612720
32_diagnostics	0:44.91	274308
33_diagnostics	0:39.21	330016
34_figures	0:16.92	339276
28_gse_risk	0:24.79	256896
29_cup_risk	0:04.64	493868
30_scope_risk	1:54.64	7318376
31_score	0:41.80	250892
35_decompose_A9	0:00.82	138960
36_mask_A9	5:42.02	1081852
37_imvigor_esca_A9	0:22.94	454216
38_figures_A9	0:09.97	281488
39_check_refs	1:09.52	21864
40_check_numbers	0:00.13	11840
34_release_smoke	0:10.83	291296
38_release_smoke	0:11.81	283576
41_vancouver_refs	0:27.97	22508
42_build_bmc	0:00.09	11312
43_bmc_docx	0:00.37	40068
44_release_pack	0:01.57	142384
45_ablation	6:13.47	8774348
41_vancouver_refs	1:16.40	22488
43_bmc_docx	0:00.50	40664
46_portable_A12	0:03.66	882924
47_reproduce_A12	0:12.01	839420
48_review_pack_A12	0:04.99	489172
43_bmc_docx	0:00.50	41264
50_figures_A13	0:16.91	244608
41_vancouver_A13	0:30.85	23060
52_additional_A13	0:01.85	161244
43_bmc_docx_A13	0:01.72	40656
55_imvigor_fix1_A14	0:02.71	216040
50_figures_A14	0:14.03	259808
43_bmc_docx_A14	0:02.31	40660
56_ablation_microarray_A15	3:27.27	1680632
50_figures_A15	0:15.95	252624
57_figures_A15_r2_fig1_fig2_fig6	0:07.86	234824
57_figures_A15_r3_all	0:16.74	430336
58_additional2_figures_A15	0:02.86	189612
43_bmc_docx_A15_figures	0:01.32	41068
59_numbers_A16	0:00.81	140384
57_figures_A15_figure4_A16	0:02.46	195200
60_additional_A16_fig4	0:02.89	189040
61_release_posthoc_A16	0:03.58	885344
rebuild_release_dryrun_A16	0:00.01	3556
60_additional_A16	0:03.02	191572
fetch_J_Medline_A16	0:07.12	9508
62_refs_nlm_A16_check	0:45.50	145316
62_refs_nlm_A16_write	0:00.92	145504
63_checks_A16	0:00.65	124912
65_cleanup_A17	0:02.85	189500
66_figure_pdf_props_A17	0:01.17	122384
67_inventory_A17_start	0:00.91	126384
67_inventory_A17_start_rerun	0:00.91	125848
69_check_numbers_A17_tables	0:22.10	176720
64_derived_facts_A17	0:00.74	138220
64_derived_facts_A17_dup	0:00.79	140956
64_derived_facts_A17_gate	0:00.79	140024
64_derived_facts_A17_screen	0:00.84	142512
64_derived_facts_A17_overlap	0:00.86	142544
69_check_numbers_A17_docs	0:25.03	207876
69_check_numbers_A17_manifest	0:25.35	205228
73_af3_git_A17	0:01.11	139588
69_check_numbers_A17_mutate	0:24.32	204900
69_check_numbers_A17_override	0:47.26	242896
69_check_numbers_A17_mutate	0:48.99	246988
69_check_numbers_A17_override	0:48.27	245440
69_check_numbers_A17_mutate	0:47.41	245580
74_sample_A17	0:24.43	203380
74_sample_A17	0:24.18	202272
74_sample_A17	0:24.88	203140
69_check_numbers_A17_final	0:25.33	207848
67_inventory_A17_end	0:00.93	128224
75_s3a_microarray_A18	0:00.70	139264
76_figures_A18	0:13.86	282548
76_figures_A18_final	0:13.84	281076
77_figure_checks_A18	0:04.01	196172
78_sheets_A18	0:02.50	168900
73_af3_git_A17_rerun_A18	0:01.16	138680
79_check_1	0:25.69	210464
79_check_2	0:24.81	210308
79_manifest	0:25.51	207904
79_check_3	0:24.87	209640
79_manifest2	0:25.68	206748
79_check_4	0:24.90	208460
79_override	0:24.89	207408
79_mutate	0:48.70	246276
79_mutate_2	0:47.00	246480
79_override_2	0:48.56	248176
80_submission	0:08.31	603724
81_hygiene	0:01.00	125284
81_hygiene_2	0:01.01	124932
82_review_pack	0:24.74	203632
81_hygiene_3	0:01.09	124476
82_review_pack_2	0:25.26	204684
79_check_final	0:25.05	210260
A19_renumber	0:02.65	168068
A19_figures_tmp	0:13.34	263592
A19_check1	0:24.70	210140
A19_manifest	0:25.04	208300
A19_check2	0:25.50	209964
A19_af3	0:01.14	138824
A19_docx	0:08.33	637472
A19_hygiene	0:01.03	125140
A19_libreoffice_install_failed	0:43.01	946856
A19_review_pack	0:24.68	203084
A19r_check1	0:25.54	210656
A19r_check2	0:25.05	210144
A19r_manifest	0:25.25	207628
A19r_check3	0:24.97	209228
A19r_docx	0:08.23	637160
A19r_hygiene	0:01.03	124616
A19r_review_pack	0:25.28	201748
A19a_check1	0:24.72	210576
A19a_check2	0:24.35	210004
A19a_check3	0:25.75	209088
A19a_docx	0:08.18	635984
A19a_pack	0:24.69	202700
A19b_check1	0:24.79	209580
A19b_docx	0:08.98	632036
A19b_pack	0:24.60	201784
A19c_docx	0:09.04	636868
A19c_pack	0:24.46	203072
A19e_docx	0:08.19	632908
A19e_pack	0:24.69	202508
A19f_docx	0:08.35	612468
A19f_pack	0:24.49	202404
A19f_letter	0:08.91	647528
A19g_docx	0:08.08	616796
A19g_pack	0:26.20	200528
A19g_history	0:34.67	144192
