sample_id	PATIENT_ID	SAMPLE_ID	MUTATION_LOAD	NEOAGCNT	ONCOTREE_CODE	TUMOR_STAGE	HLA_A	HLA_B	HLA_C	HLA_DPA1	HLA_DPB1	HLA_DQA1	HLA_DQB1	HLA_DRB1	SIMPLIFIED_TUMOR_SITE	SERUM_LACTATE_DEHYDROGENASE	RAF_RAS_STATUS	BIOPSY_TIME	CYTOLYTIC_SCORE	CBEST_B_NAIVE	CBEST_B_MEM	CBEST_PLASMA	CBEST_T_CD8	CBEST_T_CD4_NAIVE	CBEST_T_CD4_MEM_REST	CBEST_T_CD4_MEM_ACT	CBEST_T_FOLLI_HEL	CBEST_T_REG	CBEST_T_G_D	CBEST_NK_REST	CBEST_NK_ACT	CBEST_MONO	CBEST_MACRO_M0	CBEST_MACRO_M1	CBEST_MACRO_M2	CBEST_DENDRITIC_REST	CBEST_DENDRITIC_ACT	CBEST_MAST_REST	CBEST_MAST_ACT	CBEST_EOSINOPHILS	CBEST_NEUTROPHILS	CIBERSORT_P	CIBERSORT_CORRELATION	CIBERSORT_RMSE	STROMAL_SCORE	IMMUNE_SCORE	ESTIMATE_SCORE	CANCER_TYPE	CANCER_TYPE_DETAILED	SOMATIC_STATUS	TMB_NONSYNONYMOUS	patient_id	raw_site	standard_site	organ	organ_rule	library	in_eval	in_native	in_risk	external_max	internal_max	flag_candidate
CR1509	CR1509	CR1509	539	245	SKCM	4	A2601/A3301	B3501/B3801	C0401/C1203	DPA1_0103/DPA1_0103	DPB1_0201/DPB1_0401	DQA1_0102/DQA1_0102	DQB1_0302/DQB1_0609	DRB1_0402/DRB1_1302	Met lymph node	181	BRAF V600E	post	228.5193604	97.19549898	0	38.90266612	573.9711772	0	136.5742697	266.4153797	118.1983591	21.0150045	175.3503782	0	75.73006776	87.81877018	973.0397529	363.3099633	416.8534513	0	0	35.63393748	0	0	0	0.032	0.185659626	1.020436103	599.2004727	3380.008673	3979.209145	Melanoma	Cutaneous Melanoma	Matched	17.7333333333	CR1509	Met lymph node	lymph_node	Melanoma	cohort	data_mrna_seq_rpkm.txt	True	False	True	0.0	0.0	False
CR6126	CR6126	CR6126	562	450	SKCM	4	A0301/A3201	B4402/B5101	C0501/C1502	DPA1_0103/DPA1_0103	DPB1_0401/DPB1_1901	DQA1_0103/DQA1_0505	DQB1_0603/DQB1_0603	DRB1_0801/DRB1_1301	Met skin or soft tissue	211	NRAS Q61K	pre	10.44805366	0	39.00393483	0	201.973667	0	90.67711019	56.75468657	108.0500056	0	62.04931651	0	0	0	125.9290836	187.3582315	152.9507593	38.27488648	0	98.31236827	0	0	0	0.032	0.186957772	1.015540679	-229.1926686	1161.334051	932.1413822	Melanoma	Cutaneous Melanoma	Matched	18.9666666667	CR6126	Met skin or soft tissue	other	Melanoma	cohort	data_mrna_seq_rpkm.txt	True	False	False	0.0	0.0	False
CR7623	CR7623	CR7623	503	425	SKCM	4	A0201/A6801	B3501/B5101	C0401/C0602	DPA1_0103/DPA1_0103	DPB1_0401/DPB1_0401	DQA1_0201/DQA1_0201	DQB1_0202/DQB1_0303	DRB1_0701/DRB1_0701	Met adrenal	357	WT BRAF, NRAS	post	15.86093165	67.76040068	0	79.38554988	177.6715422	0	201.5903019	64.25006487	34.27966394	0	0	24.79434286	0	248.5960789	62.0436017	66.89259259	276.7793255	0	0	0	54.01843328	7.186864719	0	0.044	0.160698916	1.01392146	418.1583952	1365.248763	1783.407158	Melanoma	Cutaneous Melanoma	Matched	16.5333333333	CR7623	Met adrenal	adrenal	Melanoma	cohort	data_mrna_seq_rpkm.txt	True	False	True	0.0	0.0	False
CR9699	CR9699	CR9699	1228	413	SKCM	4	A2301/A2601	B2705/B4403	C0102/C0401	DPA1_0103/DPA1_0103	DPB1_0201/DPB1_10501	DQA1_0101/DQA1_0102	DQB1_0501/DQB1_0501	DRB1_0101/DRB1_0101	Met lymph node	191	BRAF V600K	post	67.11187819	153.4118066	0	149.9158446	300.5403939	0	221.6936686	160.9852607	293.9048341	0	251.6121449	0	0	0	364.8512445	211.5962254	442.8769148	20.98309491	0	0	27.06365447	0	0	0.034	0.178314222	1.014869485	-209.1678392	2599.435085	2390.267245	Melanoma	Cutaneous Melanoma	Matched	41.7666666667	CR9699	Met lymph node	lymph_node	Melanoma	cohort	data_mrna_seq_rpkm.txt	True	False	True	0.0	0.0	False
LSD0167	LSD0167	LSD0167	399	344	SKCM	4	A0101/A0301	B0702/B0801	C0701/C0702	DPA1_0103/DPA1_0103	DPB1_0301/DPB1_0401	DQA1_0102/DQA1_0501	DQB1_0602/DQB1_0602	DRB1_1501/DRB1_1601	Met GI	156	BRAF V600E	pre	58.40948022	173.2235173	0	7.442046706	221.666255	0	127.6544761	162.8503199	120.0000221	0	0	41.61277076	28.03648421	36.35151404	294.8004415	155.3941373	309.7566896	0	0	0	305.9571915	0	75.58093996	0.052	0.146769116	1.027122126	-91.86775517	2060.326806	1968.459051	Melanoma	Cutaneous Melanoma	Matched	13.3666666667	LSD0167	Met GI	other	Melanoma	cohort	data_mrna_seq_rpkm.txt	True	False	False	0.0	0.0	False
NR3549	NR3549	NR3549	365	268	SKCM	4	A0301/A1101	B0702/B0702	C0702/C0702	DPA1_0103/DPA1_0201	DPB1_0401/DPB1_1101	DQA1_0102/DQA1_0102	DQB1_0602/DQB1_0602	DRB1_1501/DRB1_1501	Met lymph node	309	NRAS Q61K	pre	8.627671247	67.57111287	0	11.993899	61.93511559	0	0	10.41776303	56.37259053	1.322205901	0	8.373066939	0	3.45511275	103.7656731	47.48480645	63.33119835	0	0	1.42663727	0	0	0	0.02	0.244979316	0.990967736	-548.6314303	437.4491822	-111.1822481	Melanoma	Cutaneous Melanoma	Matched	12.1333333333	NR3549	Met lymph node	lymph_node	Melanoma	cohort	data_mrna_seq_rpkm.txt	True	False	True	0.0	0.0	False
NR4631	NR4631	NR4631	1165	864	SKCM	4	A0101/A0301	B0702/B4201	C0701/C0702	DPA1_0103/DPA1_0201	DPB1_0401/DPB1_1301	DQA1_0102/DQA1_0104	DQB1_0503/DQB1_0602	DRB1_1454/DRB1_1501	Met CNS	341	WT BRAF, NRAS	post	1.766302124	-0.638135708	-15.1834805	0	-145.0604384	0	-171.5914414	0	-162.0060135	-15.81447005	0	-33.32976255	0	-105.5844467	-194.3634758	-7.88678907	-117.4801373	-0.714268853	0	-245.4644749	0	0	-2.701227519	0.612	-0.005189477	1.087506334	-1691.67756	-1217.818561	-2909.496121	Melanoma	Cutaneous Melanoma	Matched	39.9666666667	NR4631	Met CNS	brain	Melanoma	cohort	data_mrna_seq_rpkm.txt	True	False	True	0.0	0.0	False
NR4810	NR4810	NR4810	358	237	SKCM	4	A0201/A3301	B1402/B1501	C0202/C0802	DPA1_0103/DPA1_0201	DPB1_0101/DPB1_0401	DQA1_0101/DQA1_0505	DQB1_0301/DQB1_0501	DRB1_0102/DRB1_1217	Met GI	330	BRAF V600E	post	3.234588194	1.234208669	0	0.087269981	4.660769612	0	5.673782077	3.474107112	0	0	0	3.04620826	0	1.275990797	13.06188748	0	17.99643759	0	1.752558437	0	6.508351576	0	4.357252916	0.356	0.024117012	1.089682227	-42.01744038	63.12882451	21.11138413	Melanoma	Cutaneous Melanoma	Matched	11.9333333333	NR4810	Met GI	other	Melanoma	cohort	data_mrna_seq_rpkm.txt	True	False	False	0.0	0.0	False
NR5784	NR5784	NR5784	39	32	SKCM	4	A0201/A2403	B0702/B5107	C0702/C1402	DPA1_0103/DPA1_0103	DPB1_0401/DPB1_0401	DQA1_0101/DQA1_0104	DQB1_0301/DQB1_0503	DRB1_1101/DRB1_1454	Met lymph node	266	WT BRAF, NRAS	pre	46.44948562	749.0189501	0	177.9680625	459.1874297	0	4.970201932	181.2466074	173.0417044	83.98315203	126.8999576	45.63936478	0	18.78574848	672.9876797	87.16832152	754.8139964	0	0	0	71.04889206	0	0	0.008	0.332225521	0.949363763	1547.113136	3606.760065	5153.873201	Melanoma	Cutaneous Melanoma	Matched	1.43333333333	NR5784	Met lymph node	lymph_node	Melanoma	cohort	data_mrna_seq_rpkm.txt	True	False	True	0.0	0.0	False
NR9449	NR9449	NR9449	295	223	SKCM	4	A0201/A0301	B4402/B5701	C0501/C0602	DPA1_0103/DPA1_0103	DPB1_0201/DPB1_0301	DQA1_0303/DQA1_0303	DQB1_0301/DQB1_0301	DRB1_0401/DRB1_0401	Met GI	202	NRAS Q61R	post	11.69056481	4.393690588	0	4.994136958	32.34769998	0	0	42.08228243	4.219459131	0	1.341498267	0.376104354	0	1.127658731	10.06251714	11.96633117	20.61991021	0	0	0	11.7792381	0	0.973756694	0.1	0.101808391	1.043155916	-833.9559806	146.2842836	-687.6716969	Melanoma	Cutaneous Melanoma	Matched	9.8	NR9449	Met GI	other	Melanoma	cohort	data_mrna_seq_rpkm.txt	True	False	False	0.0	0.0	False
NR9521	NR9521	NR9521	1061	591	SKCM	4	A0201/A2402	B4402/B5101	C0102/C0501	DPA1_0103/DPA1_0103	DPB1_0201/DPB1_0201	DQA1_0505/DQA1_0505	DQB1_0301/DQB1_0301	DRB1_0801/DRB1_1101	NA	169	NRAS Q61L	post	13.8445728	1.609857507	0	2.405349782	99.54127514	0	11.75158268	7.039767408	24.49235102	0	0	0	24.62946428	8.653749795	19.59649272	14.62439009	55.71433969	0.869877937	0	0	8.03183847	1.720146692	0	0.322	0.030980112	1.100127036	-760.8112882	280.6804832	-480.130805	Melanoma	Cutaneous Melanoma	Matched	35.6666666667	NR9521	NA		Melanoma	cohort	data_mrna_seq_rpkm.txt	False	False	False	0.0	0.0	False
NR9705	NR9705	NR9705	37	21	ACRM	4	A0101/A2402	B0801/B1501	C0303/C0701	DPA1_0103/DPA1_0103	DPB1_0101/DPB1_0401	DQA1_0501/DQA1_0505	DQB1_0201/DQB1_0301	DRB1_0301/DRB1_0801	Met skin or soft tissue	167	BRAF V600E	post	1.428082103	0	-6.357807912	0	-18.72554537	0	0	-9.578611004	-37.56543482	0	0	0	0	-42.31123861	-248.9871108	-3.023346496	-167.4115795	0	0	0	-17.33009227	0	-22.08092338	0.066	0.129922366	1.091352001	-647.5733125	-573.3716908	-1220.945003	Melanoma	Acral Melanoma	Matched	1.5	NR9705	Met skin or soft tissue	other	Melanoma	cohort	data_mrna_seq_rpkm.txt	True	False	False	0.0	0.0	False
SD0346	SD0346	SD0346	537	459	SKCM	4	A0201/A0301	B0702/B1402	C0702/C0802	DPA1_0103/DPA1_0103	DPB1_0201/DPB1_0401	DQA1_0102/DQA1_0102	DQB1_0602/DQB1_0602	DRB1_1501/DRB1_1501	Met skin or soft tissue	210	NRAS Q61K	post	1.590191469	-84.68369748	0	-16.94634905	-78.14114276	0	0	0	-170.2923372	0	-22.46802461	-6.038141072	0	0	-477.3923484	-78.3081996	-176.3746283	0	0	-21.72895366	0	0	0	0.057	0.137842288	1.058763501	-1001.305507	-1132.373821	-2133.679328	Melanoma	Cutaneous Melanoma	Matched	17.7	SD0346	Met skin or soft tissue	other	Melanoma	cohort	data_mrna_seq_rpkm.txt	True	False	False	0.0	0.0	False
SD1494	SD1494	SD1494	915	492	SKCM	4	A0101/A2902	B0801/B4403	C0701/C1601	DPA1_0103/DPA1_0201	DPB1_0402/DPB1_1001	DQA1_0201/DQA1_0501	DQB1_0201/DQB1_0202	DRB1_0301/DRB1_0301	Met bone	324	BRAF V600E	pre	240.1187752	27.11609727	0	50.65805767	1074.051721	0	0	325.1114288	193.3121674	0	204.1827786	0	184.0421299	286.0139891	52.54526812	262.6261694	490.246939	32.33110467	0	53.15939828	0	0	0	0.027	0.213199096	1.011394861	750.2608413	3235.397246	3985.658087	Melanoma	Cutaneous Melanoma	Matched	30.6	SD1494	Met bone	bone	Melanoma	cohort	data_mrna_seq_rpkm.txt	True	False	True	0.0	0.0	False
SD2051	SD2051	SD2051	38	4	ACRM	4	A2301/A3601	B5301/B5301	C0401/C0401	DPA1_0201/DPA1_0201	DPB1_1101/DPB1_13101	DQA1_0102/DQA1_0102	DQB1_0602/DQB1_0602	DRB1_1101/DRB1_1201	Met lymph node	439	BRAF V600E	pre	25.29744494	110.1935689	0	8.614326472	231.7465146	0	202.3057237	81.13316661	141.458111	0	4.173708606	0	0	18.07554093	383.108595	263.2404967	281.6675883	21.26456151	0	53.47855848	0	0	0	0.077	0.117746464	1.047175139	207.4073541	1800.460459	2007.867813	Melanoma	Acral Melanoma	Matched	1.46666666667	SD2051	Met lymph node	lymph_node	Melanoma	cohort	data_mrna_seq_rpkm.txt	True	False	True	0.0	0.0	False
SD2056	SD2056	SD2056	136	42	SKCM	4	A0301/A2402	B2705/B3906	C0401/C0702	DPA1_0103/DPA1_0103	DPB1_0401/DPB1_0401	DQA1_0101/DQA1_0101	DQB1_0301/DQB1_0501	DRB1_0101/DRB1_0401	Met lung	195	NRAS Q61K	pre	61.81301725	31.08359782	26.17031962	440.4776245	596.0434657	0	0	118.7923849	232.0609771	30.17061147	87.98711145	0	112.1759813	51.95016388	480.3637718	160.6888107	517.528305	9.622008402	0	10.60789069	1.19E-01	0	0	0.018	0.254411643	0.985554987	440.297571	2905.841516	3346.139087	Melanoma	Cutaneous Melanoma	Matched	4.66666666667	SD2056	Met lung	lung	Melanoma	cohort	data_mrna_seq_rpkm.txt	True	False	True	0.0	0.0	False
SD5038	SD5038	SD5038	256	305	SKCM	4	A0201/A3301	B1402/B3901	C0802/C1203	DPA1_0103/DPA1_0103	DPB1_0401/DPB1_0402	DQA1_0101/DQA1_0505	DQB1_0301/DQB1_0501	DRB1_0102/DRB1_1101	Met skin or soft tissue	133	NRAS Q61L	post	21.9502614	0.276318256	2.177795119	18.00311718	58.81836495	0	26.11788864	8.629249934	30.53501948	0	7.902073821	1.792319551	0	20.62090901	90.60045824	47.40880607	166.1490281	0	0	0	24.44077724	0	1.016957164	0.162	0.071273279	1.067742798	-388.8950476	504.4890823	115.5940347	Melanoma	Cutaneous Melanoma	Matched	8.43333333333	SD5038	Met skin or soft tissue	other	Melanoma	cohort	data_mrna_seq_rpkm.txt	True	False	False	0.0	0.0	False
SD5118	SD5118	SD5118	74	30	ACRM	4	A0101/A0101	B0702/B0702	C0702/C0702	DPA1_0103/DPA1_0103	DPB1_0201/DPB1_0401	DQA1_0102/DQA1_0505	DQB1_0602/DQB1_0602	DRB1_1104/DRB1_1501	Met skin or soft tissue	183	WT BRAF, NRAS	post	33.08700539	272.1663334	0	164.8151255	333.9619662	0	323.648597	33.16877653	206.0778788	12.18710239	53.30827397	14.39670512	0	0	127.1292129	307.1441963	363.1736423	0	0	1.693342111	0	0	0	0.021	0.241939174	0.995471999	607.7575918	2212.871148	2820.62874	Melanoma	Acral Melanoma	Matched	2.36666666667	SD5118	Met skin or soft tissue	other	Melanoma	cohort	data_mrna_seq_rpkm.txt	True	False	False	0.0	0.0	False
SD6336	SD6336	SD6336	338	174	SKCM	4	A3001/A3301	B1302/B1402	C0602/C0802	DPA1_0103/DPA1_0201	DPB1_0301/DPB1_1701	DQA1_0201/DQA1_0505	DQB1_0202/DQB1_0301	DRB1_0701/DRB1_1104	Met skin or soft tissue		BRAF V600E	post	102.0615521	0	13.74328398	16.39768569	686.1622271	0	0	234.3755242	56.47293688	0	88.09244179	0	221.9681191	62.35106242	142.1900782	177.2419254	149.3711922	23.86708313	0	0	55.58073093	0	0	0.008	0.336687573	0.960217778	-516.091718	1927.814291	1411.722573	Melanoma	Cutaneous Melanoma	Matched	11.1	SD6336	Met skin or soft tissue	other	Melanoma	cohort	data_mrna_seq_rpkm.txt	True	False	False	0.0	0.0	False
SD6494	SD6494	SD6494	594	540	MUP	4	A2402/A6802	B1402/B3501	C0401/C0802	DPA1_0103/DPA1_0103	DPB1_0201/DPB1_0401	DQA1_0101/DQA1_0101	DQB1_0301/DQB1_0501		Met GI	322	WT BRAF, NRAS	post	0.614679081	0	-8.362793331	-45.59956119	-18.86746985	0	-79.44695987	0	-78.04587934	-13.56378398	0	0	-41.92660701	-21.84638046	-114.4396558	-44.05699831	-235.4890405	0	-2.886692012	0	-92.07326743	-11.09007459	0	0.412	0.016278584	1.08341138	-1231.224541	-807.6951628	-2038.919704	Melanoma	Melanoma of Unknown Primary	Matched	19.7666666667	SD6494	Met GI	other	Melanoma	cohort	data_mrna_seq_rpkm.txt	True	False	False	0.0	0.0	False
SD7357	SD7357	SD7357	1148	1515	MUP	4	A0201/A2402	B1801/B5501	C0303/C1203	DPA1_0103/DPA1_0103	DPB1_0101/DPB1_0401	DQA1_0501/DQA1_0505	DQB1_0201/DQB1_0301	DRB1_0301/DRB1_1201	Met skin or soft tissue	234	BRAF P367L	post	50.8792872	0	0	12.17632637	591.4918199	0	3.535052098	168.4749012	174.7933003	0	128.8662594	0	79.90035883	164.9408615	264.1317169	222.5141832	639.8709958	0	0	0	86.64573152	0	0	0.246	0.046895885	1.074220438	87.33633964	2537.341507	2624.677847	Melanoma	Melanoma of Unknown Primary	Matched	37.9666666667	SD7357	Met skin or soft tissue	other	Melanoma	cohort	data_mrna_seq_rpkm.txt	True	False	False	0.0	0.0	False
