sheet	origin	builder	title	rows	columns	cells	numeric_cells	mismatch	status_words	first_mismatch
Conformal	results	copy	Pre-specified descriptive POG570 conformal summary (stage-3 preregistration, supporting analyses). Aggregate only.	32	9	288	160	0	preregistered, pre-specified descriptive	
Fig2_simulation	results	copy	Exploratory simulation. Tissue by rho by model. Not a hypothesis test.	2970	18	53460	20790	0	exploratory	
Fig2ab_means	figure_source	copy	Exploratory simulation. Unweighted means across tissues drawn in Figure 2a and 2b.	25	6	150	50	0	exploratory	
Fig2c_leave_one_host_out	figure_source	copy	Exploratory simulation. Host-attraction rate at rho = 0.6 for each host-pool tissue, drawn in Figure 2c.	10	6	60	30	0	exploratory	
Fig3_Table2_confirmatory	results	copy	Preregistered POG570 contrasts.	3	13	39	21	0	preregistered	
Fig3_auxiliary_primary	results	copy	Preregistered auxiliary primary contrasts.	3	12	36	15	0	preregistered	
Fig3_auxiliary_secondary	results	copy	Preregistered auxiliary secondary contrasts. Not supported.	3	11	33	12	0	preregistered	
Fig4a_cohorts	figure_source	fig4a	Cohort host-attraction rates drawn in Figure 4a, with the group labels of the figure. Status is given per row in the column 'status'.	28	9	252	28	0		
Fig4b_POG570_strata	results	copy	Pre-specified descriptive POG570 site groups.	45	10	450	225	0	pre-specified descriptive	
Fig4b_tumor_content	results	copy	Pre-specified descriptive POG570 tumor-content tertiles.	27	10	270	135	0	pre-specified descriptive	
Fig4c_aux_top1	figure_source	copy	Post hoc auxiliary cohort top-1.	24	8	192	48	0	post hoc	
Fig4d_removed_errors	figure_source	copy	Post hoc fate of removed host-attraction errors. No sample identifiers.	3	4	12	0	0	post hoc	
Fig5_ablation	figure_source	copy	Post hoc ablation. Values drawn in Figure 5: a host-attraction rate in the at-risk sets and b top-1 accuracy in the evaluation sets of MET500, POG570, the six auxiliary RNA-seq cohorts and the five microarray cohorts (one sample per patient across the microarray layer); c mean top-1 loss in MET500 and POG570 under random removal of as many classifier genes as each of four microarray platforms lacks (n = number of platforms, ten draws each). Shares are in S8_shares and S9_ablation_microarray.	50	9	450	50	0	post hoc	
Fig6_Table3_published	results	copy	Pre-specified descriptive published-classifier metrics.	24	16	384	144	0	pre-specified descriptive	
Fig6_paired	results	copy	Pre-specified descriptive paired differences.	48	12	576	192	0	pre-specified descriptive	
Leave_one_cohort	results	copy	Pre-specified leave-one-cohort rows for the auxiliary family.	24	10	240	96	0	pre-specified descriptive	
Microarray_layer	results	copy	Pre-specified descriptive microarray effects. p values are recorded and are not presented as tests.	6	14	84	36	0	pre-specified descriptive	
Power	results; commit and time of the commit that added config/prereg_A6.md (git)	power_git	Design power, computed before the corresponding unlock; supports the preregistrations.	10	10	100	40	0	preregistered	
S1_heatmap	figure_source	copy	Locked-classifier heatmap source. Three-decimal labels in the figure. Combinations absent from the sheet were not computed (n/c). Status is given per row in the column 'status'.	58	5	290	116	0		
S2_sets	figure_source	copy	Post hoc set metrics drawn in Figure S2.	36	7	252	72	0	post hoc	
S3_esophagus_masking	results (values at 10 significant digits); microarray rows from the A18 layer recount	s3_masking	Post hoc esophagus-call fractions among biopsies whose true organ is not esophagus. The MET500 linear-deconvolution fraction was not computed (n/c in Figure S3a). Microarray rows use the layer set (one sample per patient across the layer, n = 536).	18	6	108	36	0	post hoc	
S4_contributions	figure_source	copy	Post hoc mean contributions to the esophagus minus bladder logit drawn in Figure S4: the ten largest positive and five most negative genes per classifier. Inputs are rank-normal scores for the baseline and standardized scores for HostMix-TOO.	30	9	270	30	0	post hoc	
S5_histology	figure_source	copy	Post hoc esophagus histology assignment.	23	7	161	0	0	post hoc	
S5_reconciliation	figure_source	copy	Post hoc. Figure S5 bar values: esophagus calls per cohort and classifier, including zero counts, split by the nearer histology centroid.	36	6	216	0	0	post hoc	
S6_meta_analysis	results and figure_source (ci_low, ci_high of cohort rows)	s6_meta	Pre-specified descriptive cohort differences with Wald 95% intervals from the recorded variances, and DerSimonian-Laird layer estimates, drawn in Figure S6. b and c count at-risk biopsies with a host-attraction error under the baseline only and under HostMix-TOO only.	13	16	208	143	0	pre-specified descriptive	
S8_ablation	results (three-decimal display strings)	s8_display	Post hoc ablation (Table S8). Five logistic models, three cohorts, top-1, host-attraction rate and native-truth top-1. No sample identifiers.	15	9	135	0	0	post hoc	
S8_shares	results	copy	Post hoc ablation. Shares of the baseline minus HostMix-TOO host-attraction gap attributable to the mixtures in the RNA-seq cohorts (Additional file 1: Table S8); reading rule: every share at least 0.5. Not drawn in Figure 5.	9	10	90	63	0	post hoc	
S9_ablation_microarray	results	s9_microarray	Post hoc ablation in the microarray layer and the missing-gene simulation (Additional file 1: Table S9). part 'microarray': top-1, esophagus calls, host-attraction rate and native-truth top-1 of the five models per microarray cohort and for the layer ('all'), one sample per patient across the layer, so cohort n add up to the layer n. part 'missing genes': change in top-1 accuracy of POG570 and MET500 per platform when the classifier genes absent from that platform were removed (restriction_drop) and over ten random removals of as many genes (random_mean, random_min, random_max). part 'share' and 'reading': the fraction of HostMix-TOO's loss relative to the baseline reproduced by each model, the gap it divides, and the category of the pre-specified reading rule. Models were not retrained.	284	10	2840	566	0	pre-specified descriptive, post hoc	
Sensitivity	results	copy	Pre-specified descriptive auxiliary sensitivity rows (auxiliary preregistration, descriptive analysis 5). Effect sizes only.	15	8	120	90	0	preregistered, pre-specified descriptive	
