group	key	displayed	context	link_type	link_id	ok	meaning	source_file	selector	column	raw	status
random	fig:Figure5|p0|s18|0	0.157	0.157	table_cell	Figure5:Fig5_published[aux_rnaseq/SCOPE].host_rate	True	aux_rnaseq, SCOPE, host-attraction rate	results/stage8/external/tables/metrics.tsv	Fig5_published: aux_rnaseq/SCOPE (analysis_cohort == 'aux_rnaseq' and method == 'SCOPE')	host_rate	0.1569086651053864	pre-specified descriptive
random	main|p118|s218|1	2026	Accessed 6 October 2026.	exempt	REF	True						
random	af1|7. Development comparison and exploratory variants > Table S5. Exploratory variants::Table S5. Exploratory variants::175|r3|c2|0	0.002	9 | 0.136 | 0.682 | 0.228 | 0.868 | | HostMix-TOO | 0.979 | 0.002 | 0.084 | 0.728 | 0.044 | 0.756 | 0.024 | 0.802 | | Standar	table_cell	S5[row=SA-Z;col=in_pool]	True		results/stage5/sim_ext/full.tsv	method == 'SA-Z' and rho == 0.6 and tissue in @POOL	mean:host_rate	0.0010449320794148381;0.0056625141562853904;0.0030864197530864196;0.0010050251256281408;0.0010245901639344263;0.0010090817356205853;0.0;0.0;0.00411522633744856;0.0	exploratory
random	main|Tables::Table 1. Data sets and their roles::344|r14|c4|0	123	RORA US) | Descriptive | RNA-seq (counts) | Breast cancer | 123 / 64 / 44 | [40] | | GSE41258 | Descriptive, microarray | G	table_cell	T1[row=aurora;col=n].e	True	AURORA (auxiliary confirmation run, per cohort), n, evaluation set	results/stage7/confirm/tables/metrics.tsv	cohort == 'GSE209998' and standard_site == 'all' and method == 'BASE-Z'	n	123	pre-specified descriptive
random	af1|8. POG570 alternatives and strata > Table S6. POG570 alternatives and pre-specified strata::Table S6. POG570 alternatives and pre-specified strata::213|r24|c7|0	0.667	 deconvolution | lymph_node | 92 | 0.793 | 89 | 0.000 | 3 | 0.667 | | Linear deconvolution | remainder | 133 | 0.767 | 45 | 0	table_cell	S6b[row=LD-Z/lymph_node;col=native]	True		results/stage4/confirm/secondary_by_site.tsv	method == 'LD-Z' and site_group == 'lymph_node'	native_truth_top1	0.6666666666666666	pre-specified descriptive
random	fig:FigureS5|p0|s69|0	200	200	constant	FigureS5:tick:c x[200]	True	axis tick, c x	scripts/57_figures_A15.py	line 1197	tick	200.0	design
random	af1|8. POG570 alternatives and strata > Table S6. POG570 alternatives and pre-specified strata::Table S6. POG570 alternatives and pre-specified strata::263|r17|c5|0	0.234	| 126 | 0.056 | | Normal classes | T1 | 173 | 0.642 | 128 | 0.234 | | Normal classes | T2 | 168 | 0.744 | 124 | 0.202 | | Nor	table_cell	S6c[row=NC-Z/T1;col=host]	True		results/stage4/confirm/secondary_tc.tsv	method == 'NC-Z' and tc_bin == 'T1'	host_rate	0.234375	pre-specified descriptive
random	main|p9|s2|12	7.4	 and increased top-1 accuracy from 68.2% to 75.6% (n = 512; 7.4 points, 95% CI 3.9 to 10.7). Non-inferiority of accuracy fo	fact	H2_diff_pct	True	H2, POG570, top-1 accuracy, evaluation set, difference (percentage points)	results/stage4/confirm/primary.tsv	hypothesis == 'H2'	diff	0.07421875	preregistered
random	af1|8. POG570 alternatives and strata > Table S6. POG570 alternatives and pre-specified strata::Table S6. POG570 alternatives and pre-specified strata::213|r25|c5|0	0.022	7 | | Linear deconvolution | remainder | 133 | 0.767 | 45 | 0.022 | 45 | 0.911 | | Linear deconvolution | soft_tissue | 49 | 	table_cell	S6b[row=LD-Z/remainder;col=host]	True		results/stage4/confirm/secondary_by_site.tsv	method == 'LD-Z' and site_group == 'remainder'	host_rate	0.022222222222222223	pre-specified descriptive
random	af1|8. POG570 alternatives and strata > Table S6. POG570 alternatives and pre-specified strata::Table S6. POG570 alternatives and pre-specified strata::213|r27|c4|0	175	026 | 10 | 1.000 | | Normal classes | liver | 186 | 0.543 | 175 | 0.371 | 11 | 0.545 | | Normal classes | lung | 52 | 0.846	table_cell	S6b[row=NC-Z/liver;col=nrisk]	True		results/stage4/confirm/secondary_by_site.tsv	method == 'NC-Z' and site_group == 'liver'	n_at_risk	175	pre-specified descriptive
random	main|p77|s2|1	top-1	ation set (n = 536), the unstandardized mixture model had a top-1 accuracy of 0.776, compared with 0.724 for the baseline and	exempt	LEVEL	True						
random	af1|10. Design power, synthetic labels, planted predictions and the independent checker::10. Design power, synthetic labels, planted predictions and the independent checker::372|r5|c6|0	10000	alf effect | 512 | 0.033 (29/874) | 0.027 (12/437) | 0.05 | 10000 | 0.099 |  Design power for the auxiliary family was comput	table_cell	S10a[row=H2_half;col=n_sim]	True		results/stage3/power.json	all	H2_half.n_sim	10000	design
random	card|Post hoc model: the unstandardized mixture model::Post hoc model: the unstandardized mixture model::54|r11|c0|1	207	ostMix-TOO | 0.698 | 0.056 | 0.730 | | Microarray (n = 536, 207, 341) | Baseline | 0.724 | 0.256 | 0.871 | | | Unstandardiz	table_cell	CARD2[row=layer/base;col=cohort].r	True	microarray layer, n of the at risk set (one sample per patient across the layer)	results/stage10/ablation_microarray/metrics.tsv	model == 'BASE-Z' and set == 'at_risk' and cohort == 'all' and metric == 'host_rate'	n	207	post hoc
random	af1|8. POG570 alternatives and strata > Table S6. POG570 alternatives and pre-specified strata::Table S6. POG570 alternatives and pre-specified strata::213|r5|c2|0	133	| 0.804 | 89 | 0.000 | 3 | 0.667 | | Baseline | remainder | 133 | 0.759 | 45 | 0.044 | 45 | 0.911 | | Baseline | soft_tissu	table_cell	S6b[row=BASE-Z/remainder;col=n]	True		results/stage4/confirm/secondary_by_site.tsv	method == 'BASE-Z' and site_group == 'remainder'	n	133	pre-specified descriptive
random	af1|p33|s0|0	S4	nfirmations. Neither table is a hypothesis test.  ### Table S4. MET500 development comparison  MET500 was the development 	exempt	NAME	True						
random	af1|p79|s3|1	H1	evelopment proportions of the baseline and HostMix-TOO: for H1, at-risk biopsies with a host-attraction error under the ba	exempt	NAME	True						
random	af1|8. POG570 alternatives and strata > Table S6. POG570 alternatives and pre-specified strata::Table S6. POG570 alternatives and pre-specified strata::213|r35|c5|0	0.000	0 | | Native-organ masking | remainder | 133 | 0.459 | 45 | 0.000 | 45 | 0.000 | | Native-organ masking | soft_tissue | 49 | 	table_cell	S6b[row=M1-Z/remainder;col=host]	True		results/stage4/confirm/secondary_by_site.tsv	method == 'M1-Z' and site_group == 'remainder'	host_rate	0.0	pre-specified descriptive
random	main|Tables::Table 3. Pre-specified descriptive comparison with published classifiers::385|r5|c0|0	MET500	44 (361) | | MET500 | SCOPE | 0.627 (437) | 0.122 (361) | | MET500 | CUP-AI-Dx | 0.668 (437) | 0.180 (361) | | POG570 | Baseli	exempt	NAME	True						
random	card|p15|s2|1	378	0338470.  ## Performance summary  POG570. H1 host rate, n = 378: BASE-Z 0.228, SA-Z 0.024, difference -0.204 (95% CI -0.243	fact	H1_n	True	H1, POG570, host-attraction rate, at risk set, n	results/stage4/confirm/primary.tsv	hypothesis == 'H1'	n	378	preregistered
random	main|p118|s250|0	2007	 JD. Matplotlib: A 2D Graphics Environment. Comput Sci Eng. 2007;9(3):90–95. doi:10.1109/mcse.2007.55.  ## Figure titles and	exempt	REF	True						
random	main|p81|s4|0	0.875	) (Fig. 6c). Conversely, CUP-AI-Dx named the host organ for 0.875 of at-risk PRINCE biopsies (HostMix-TOO 0.179; n = 56) and 	fact	sub_prince_cup_host	True	PRINCE (auxiliary cohort, post hoc split), CUP-AI-Dx, host-attraction rate, at risk set	results/stage9/subcohort_metrics.tsv	cohort == 'paad_iatlas_prince_2022' and method == 'CUP-AI-Dx'	host_rate	0.875	post hoc
random	fig:Figure6|p0|s21|0	8	FHCRC (8)	table_cell	Figure6:Fig6a_cohorts[FHCRC].n_at_risk	True	FHCRC, at-risk n	results/stage10/derived/microarray_rates.tsv	Fig6a_cohorts: FHCRC	n_at_risk	8	post hoc
random	af1|10. Design power, synthetic labels, planted predictions and the independent checker::10. Design power, synthetic labels, planted predictions and the independent checker::372|r3|c5|0	0.05	| H1 | Half effect | 378 | 0.047 (17/361) | 0.003 (1/361) | 0.05 | 10000 | 0.996 | | H2 | MET500 proportions | 512 | 0.066 (	table_cell	S10a[row=H1_half;col=alpha]	True		results/stage3/power.json	all	alpha	0.05	design
random	main|p118|s149|3	GSE209998_AUR_129_raw_counts	//ftp.ncbi.nlm.nih.gov/geo/series/GSE209nnn/GSE209998/suppl/GSE209998_AUR_129_raw_counts.txt.gz. Accessed 6 October 2026. 42. Sheffer M, Bacolod MD,	exempt	REF	True						
random	fig:FigureS3|p0|s23|0	MET500	MET500	exempt	NAME	True						
random	af1|5. Host pool and proxies > Table S3. Host pool and proxy correlations::Table S3. Host pool and proxy correlations::126|r2|c4|0	0.8813875885578315	 |---|---|---|---|---| | lymph node | Spleen | 17539 | 49 | 0.8813875885578315 | | lymph node | Whole Blood | 17539 | 165 | 0.842437315997	table_cell	S3b[row=lymph node/Spleen;col=spearman]	True		results/stage2/proxy_correlation.tsv	hpa_query == 'lymph node' and gtex_tissue == 'Spleen'	spearman	0.8813875885578315	exploratory
random	fig:Figure2|p0|s20|0	0.4	0.4	constant	Figure2:tick:a y[0.4]	True	axis tick, a y	scripts/57_figures_A15.py	line 467	tick	0.4	design
random	af1|7. Development comparison and exploratory variants > Table S4. MET500 development comparison::Table S4. MET500 development comparison::149|r18|c2|1	0.652	 Gene-set form of Site-specific mixtures | 0.609 | 0.565 to 0.652 | 0.022 | 0.008 to 0.039 | 0.684 | 9 | | Gene-set form of S	table_cell	S4[row=SC-K;col=top1_ci].hi	True		results/stage2/met500_overall.tsv	method == 'SC' and representation == 'K'	top1_ci[1]	0.6521739130434783	exploratory
random	af1|5. Host pool and proxies > Table S3. Host pool and proxy correlations::Table S3. Host pool and proxy correlations::126|r5|c4|0	0.8305221329877467	ymph node | Small Intestine - Terminal Ileum | 17539 | 46 | 0.8305221329877467 | | bone marrow | Spleen | 17539 | 49 | 0.8199266753031522 	table_cell	S3b[row=lymph node/Small Intestine - Terminal Ileum;col=spearman]	True		results/stage2/proxy_correlation.tsv	hpa_query == 'lymph node' and gtex_tissue == 'Small Intestine - Terminal Ileum'	spearman	0.8305221329877467	exploratory
random	af1|8. POG570 alternatives and strata > Table S6. POG570 alternatives and pre-specified strata::Table S6. POG570 alternatives and pre-specified strata::199|r5|c5|0	91	02 | | Site-specific mixtures | 512 | 0.758 | 378 | 0.024 | 91 | 0.802 | | Linear deconvolution | 512 | 0.723 | 378 | 0.14	table_cell	S6a[row=SC-Z;col=nnative]	True		results/stage4/confirm/secondary_overall.tsv	method == 'SC-Z'	n_native_truth	91	pre-specified descriptive
random	af1|14. Repository correspondence > Table S7. Correspondence between manuscript names and project files::Table S7. Correspondence between manuscript names and project files::495|r12|c3|0	stage7	 | Gated model | SA-G | scripts/24_aux_confirm.py | results/stage7/confirm/tables/metrics.tsv | | 22-tissue model | SA-pool22 	exempt	NAME	True						
random	af1|11. Published classifiers::11. Published classifiers::400|r4|c6|1	4	eck only | log2(TPM + 1) | `config/external_inputs_A8.tsv`: 4 | | Anders | log2(TPM + 1) | TPM after 2^v − 1, negative va	table_cell	S11[row=blca_iatlas_imvigor210_2017;col=evidence]	True	line of the cited input table	config/external_inputs_A8.tsv	cohort == 'blca_iatlas_imvigor210_2017'	__line__	4	data description
random	af1|12. Post hoc analyses > Table S9. Post hoc ablation in the microarray layer and in the missing-gene simulation::Table S9. Post hoc ablation in the microarray layer and in the missing-gene simulation::452|r3|c4|0	183	| | Standardized, pure (C = 0.03) | 0.360 | 0.208 | 0.446 | 183 | 0.049 | | Standardized, pure (C = 0.15) | 0.332 | 0.251 |	table_cell	S9[row=pure03;col=esophagus]	True	microarray layer, pure C=0.03, esophagus calls, evaluation set (post hoc)	results/stage10/ablation_microarray/metrics.tsv	model == 'PURE-Zs' and set == 'evaluation' and cohort == 'all' and metric == 'n_esophagus'	value	183.0	post hoc
random	af1|12. Post hoc analyses > Table S8. Post hoc ablation::Table S8. Post hoc ablation::430|r15|c4|0	427	NA-seq | Unstandardized, mixtures (C = 0.1) | 729 | 0.706 | 427 | 0.082 | 315 | 0.727 | | Auxiliary RNA-seq | HostMix-TOO |	table_cell	S8[row=aux_rnaseq/mix;col=nrisk]	True	aux, mixture model, n, at risk set (post hoc ablation)	results/stage9/ablation/metrics.tsv	cohort == 'aux_rnaseq' and method == 'MIX-Z0'	n_at_risk	427	post hoc
random	main|p69|s5|2	0.024	gave almost identical results (top-1 0.758; host attraction 0.024), whereas normal classes (0.709; 0.180) and linear deconvol	fact	pog_sc_host	True	POG570 confirmation, site-specific, host-attraction rate, at risk set	results/stage4/confirm/secondary_overall.tsv	method == 'SC-Z'	host_rate	0.023809523809523808	pre-specified descriptive
random	af1|8. POG570 alternatives and strata > Table S6. POG570 alternatives and pre-specified strata::Table S6. POG570 alternatives and pre-specified strata::213|r41|c2|0	49	0.022 | 45 | 0.844 | | Gene sets + mixtures | soft_tissue | 49 | 0.776 | 39 | 0.026 | 10 | 0.900 | | Gene sets + host corr	table_cell	S6b[row=SA-K/soft_tissue;col=n]	True		results/stage4/confirm/secondary_by_site.tsv	method == 'SA-K' and site_group == 'soft_tissue'	n	49	pre-specified descriptive
random	main|Tables::Table 1. Data sets and their roles::344|r10|c5|0	31	onfirmation 2 | RNA-seq (TPM) | Melanoma | 121 / 35 / 83 | [31] | | PRINCE | Confirmation 2 | RNA-seq (log2 normalized) | 	exempt	REF	True						
random	af1|5. Host pool and proxies > Table S3. Host pool and proxy correlations::Table S3. Host pool and proxy correlations::126|r5|c2|0	17539	3189775 | | lymph node | Small Intestine - Terminal Ileum | 17539 | 46 | 0.8305221329877467 | | bone marrow | Spleen | 17539 	table_cell	S3b[row=lymph node/Small Intestine - Terminal Ileum;col=genes]	True		results/stage2/proxy_correlation.tsv	hpa_query == 'lymph node' and gtex_tissue == 'Small Intestine - Terminal Ileum'	n_genes	17539	exploratory
random	main|p116|s4|6	33408	da Foundation for Innovation (projects 20070, 30981, 30198, 33408) and the BC Knowledge Development Fund.  ## References  1. 	exempt	ID	True						
random	af1|7. Development comparison and exploratory variants > Table S4. MET500 development comparison::Table S4. MET500 development comparison::149|r12|c5|0	0.000	masking | 0.481 | 0.435 to 0.529 | 0.000 | 0.000 to 0.000 | 0.000 |  | | Gene sets + host correction | 0.579 | 0.531 to 0.622	table_cell	S4[row=M1-K;col=native]	True		results/stage2/met500_overall.tsv	method == 'M1' and representation == 'K'	native_truth_top1	0.0	exploratory
abstract	main|p9|s1|0	32	**Results** We trained logistic regression classifiers for 32 tumor types with or without in silico tumor–normal mixtures	fact	n_labels	True	number of tumor labels (learning labels) in TCGA-train	config/split_tcga.tsv	split == 'TCGA-train'	nunique:learning_label	32	data description
abstract	main|p9|s1|1	ten	 types with or without in silico tumor–normal mixtures from ten host tissues (HostMix-TOO).	constant	host_pool_n	True	number of GTEx tissues in the training host pool	config/analysis_plan_A2.yaml	line 49		10	design
abstract	main|p9|s2|0	POG570	mor–normal mixtures from ten host tissues (HostMix-TOO). In POG570, HostMix-TOO reduced host attraction from 22.8% to 2.4% of 	exempt	NAME	True						
abstract	main|p9|s2|5	95	2.4% of at-risk biopsies (n = 378; −20.4 percentage points, 95% CI −24.3 to −16.4) and increased top-1 accuracy from 68.2%	exempt	LEVEL	True						
abstract	main|p9|s2|8	top-1	0.4 percentage points, 95% CI −24.3 to −16.4) and increased top-1 accuracy from 68.2% to 75.6% (n = 512; 7.4 points, 95% CI 3	exempt	LEVEL	True						
abstract	main|p9|s2|13	95	ed top-1 accuracy from 68.2% to 75.6% (n = 512; 7.4 points, 95% CI 3.9 to 10.7). Non-inferiority of accuracy for biopsies 	exempt	LEVEL	True						
abstract	main|p9|s2|1	22.8	x-TOO). In POG570, HostMix-TOO reduced host attraction from 22.8% to 2.4% of at-risk biopsies (n = 378; −20.4 percentage poi	fact	pog_base_host_pct	True	POG570, baseline, host-attraction rate, at risk set (percent)	results/stage4/confirm/secondary_overall.tsv	method == 'BASE-Z'	host_rate	0.2275132275132275	preregistered
abstract	main|p9|s2|2	2.4	n POG570, HostMix-TOO reduced host attraction from 22.8% to 2.4% of at-risk biopsies (n = 378; −20.4 percentage points, 95%	fact	pog_sa_host_pct	True	POG570, HostMix-TOO, host-attraction rate, at risk set (percent)	results/stage4/confirm/secondary_overall.tsv	method == 'SA-Z'	host_rate	0.023809523809523808	preregistered
abstract	main|p9|s2|3	378	host attraction from 22.8% to 2.4% of at-risk biopsies (n = 378; −20.4 percentage points, 95% CI −24.3 to −16.4) and increa	fact	H1_n	True	H1, POG570, host-attraction rate, at risk set, n	results/stage4/confirm/primary.tsv	hypothesis == 'H1'	n	378	preregistered
abstract	main|p9|s2|4	−20.4	attraction from 22.8% to 2.4% of at-risk biopsies (n = 378; −20.4 percentage points, 95% CI −24.3 to −16.4) and increased top	fact	H1_diff_pct	True	H1, POG570, host-attraction rate, at risk set, difference (percentage points)	results/stage4/confirm/primary.tsv	hypothesis == 'H1'	diff	-0.2037037037037037	preregistered
abstract	main|p9|s2|6	−24.3	 at-risk biopsies (n = 378; −20.4 percentage points, 95% CI −24.3 to −16.4) and increased top-1 accuracy from 68.2% to 75.6% 	fact	H1_ci_low_pct	True	H1, POG570, host-attraction rate, at risk set, 95% CI lower end (percentage points)	results/stage4/confirm/primary.tsv	hypothesis == 'H1'	ci_low	-0.24345238095238098	preregistered
abstract	main|p9|s2|7	−16.4	biopsies (n = 378; −20.4 percentage points, 95% CI −24.3 to −16.4) and increased top-1 accuracy from 68.2% to 75.6% (n = 512;	fact	H1_ci_high_pct	True	H1, POG570, host-attraction rate, at risk set, 95% CI upper end (percentage points)	results/stage4/confirm/primary.tsv	hypothesis == 'H1'	ci_high	-0.164021164021164	preregistered
abstract	main|p9|s2|9	68.2	s, 95% CI −24.3 to −16.4) and increased top-1 accuracy from 68.2% to 75.6% (n = 512; 7.4 points, 95% CI 3.9 to 10.7). Non-in	fact	pog_base_top1_pct	True	POG570, baseline, top-1 accuracy, evaluation set (percent)	results/stage4/confirm/secondary_overall.tsv	method == 'BASE-Z'	top1	0.681640625	preregistered
abstract	main|p9|s2|10	75.6	 −24.3 to −16.4) and increased top-1 accuracy from 68.2% to 75.6% (n = 512; 7.4 points, 95% CI 3.9 to 10.7). Non-inferiority	fact	pog_sa_top1_pct	True	POG570, HostMix-TOO, top-1 accuracy, evaluation set (percent)	results/stage4/confirm/secondary_overall.tsv	method == 'SA-Z'	top1	0.755859375	preregistered
abstract	main|p9|s2|11	512	16.4) and increased top-1 accuracy from 68.2% to 75.6% (n = 512; 7.4 points, 95% CI 3.9 to 10.7). Non-inferiority of accura	fact	H2_n	True	H2, POG570, top-1 accuracy, evaluation set, n	results/stage4/confirm/primary.tsv	hypothesis == 'H2'	n	512	preregistered
abstract	main|p9|s2|12	7.4	 and increased top-1 accuracy from 68.2% to 75.6% (n = 512; 7.4 points, 95% CI 3.9 to 10.7). Non-inferiority of accuracy fo	fact	H2_diff_pct	True	H2, POG570, top-1 accuracy, evaluation set, difference (percentage points)	results/stage4/confirm/primary.tsv	hypothesis == 'H2'	diff	0.07421875	preregistered
abstract	main|p9|s2|14	3.9	1 accuracy from 68.2% to 75.6% (n = 512; 7.4 points, 95% CI 3.9 to 10.7). Non-inferiority of accuracy for biopsies from the	fact	H2_ci_low_pct	True	H2, POG570, top-1 accuracy, evaluation set, 95% CI lower end (percentage points)	results/stage4/confirm/primary.tsv	hypothesis == 'H2'	ci_low	0.0390625	preregistered
abstract	main|p9|s2|15	10.7	acy from 68.2% to 75.6% (n = 512; 7.4 points, 95% CI 3.9 to 10.7). Non-inferiority of accuracy for biopsies from the organ o	fact	H2_ci_high_pct	True	H2, POG570, top-1 accuracy, evaluation set, 95% CI upper end (percentage points)	results/stage4/confirm/primary.tsv	hypothesis == 'H2'	ci_high	0.107421875	preregistered
abstract	main|p9|s3|3	95	origin was not shown (86.8% versus 80.2%, n = 91; one-sided 95% lower bound −12.1 points, margin −10). In six auxiliary RN	exempt	LEVEL	True						
abstract	main|p9|s3|0	86.8	curacy for biopsies from the organ of origin was not shown (86.8% versus 80.2%, n = 91; one-sided 95% lower bound −12.1 poin	fact	pog_base_native_pct	True	POG570, baseline, top-1 accuracy, native truth set (percent)	results/stage4/confirm/secondary_overall.tsv	method == 'BASE-Z'	native_truth_top1	0.8681318681318682	preregistered
abstract	main|p9|s3|1	80.2	opsies from the organ of origin was not shown (86.8% versus 80.2%, n = 91; one-sided 95% lower bound −12.1 points, margin −1	fact	pog_sa_native_pct	True	POG570, HostMix-TOO, top-1 accuracy, native truth set (percent)	results/stage4/confirm/secondary_overall.tsv	method == 'SA-Z'	native_truth_top1	0.8021978021978022	preregistered
abstract	main|p9|s3|2	91	 the organ of origin was not shown (86.8% versus 80.2%, n = 91; one-sided 95% lower bound −12.1 points, margin −10). In si	fact	H3_n	True	H3, POG570, top-1 accuracy, native truth set, n	results/stage4/confirm/primary.tsv	hypothesis == 'H3'	n	91	preregistered
abstract	main|p9|s3|4	−12.1	hown (86.8% versus 80.2%, n = 91; one-sided 95% lower bound −12.1 points, margin −10). In six auxiliary RNA-seq cohorts, all 	fact	H3_bound_pct	True	H3, POG570, top-1 accuracy, native truth set, one-sided 95% lower bound (percentage points)	results/stage4/confirm/primary.tsv	hypothesis == 'H3'	onesided_low	-0.1208791208791209	preregistered
abstract	main|p9|s3|5	−10	.2%, n = 91; one-sided 95% lower bound −12.1 points, margin −10). In six auxiliary RNA-seq cohorts, all three primary hypot	constant	ni_margin_pts	True	non-inferiority margin in percentage points	config/prereg_A3_en.md	line 11		-10	design
abstract	main|p9|s4|5	top-1	nfirmed: host attraction fell from 20.4% to 5.6% (n = 427), top-1 accuracy rose from 52.7% to 69.8% (n = 729), mostly in one 	exempt	LEVEL	True						
abstract	main|p9|s4|0	six	91; one-sided 95% lower bound −12.1 points, margin −10). In six auxiliary RNA-seq cohorts, all three primary hypotheses wer	constant	aux_cohorts_plan	True	RNA-seq cohorts of the auxiliary confirmatory family	config/analysis_plan_A6.yaml	line 49		6	design
abstract	main|p9|s4|1	three	 points, margin −10). In six auxiliary RNA-seq cohorts, all three primary hypotheses were confirmed: host attraction fell fro	constant	aux_primary_n	True	preregistered primary auxiliary hypotheses AH1-AH3	config/prereg_A6_en.md	line 11		3	design
abstract	main|p9|s4|2	20.4	rimary hypotheses were confirmed: host attraction fell from 20.4% to 5.6% (n = 427), top-1 accuracy rose from 52.7% to 69.8%	fact	ext_aux_rnaseq_base_host_pct	True	aux comparison, baseline, host-attraction rate, at risk set (percent)	results/stage8/external/tables/metrics.tsv	subset == 'common_label' and analysis_cohort == 'aux_rnaseq' and method == 'BASE-Z'	host_rate	0.2037470725995316	preregistered
abstract	main|p9|s4|3	5.6	potheses were confirmed: host attraction fell from 20.4% to 5.6% (n = 427), top-1 accuracy rose from 52.7% to 69.8% (n = 72	fact	ext_aux_rnaseq_sa_host_pct	True	aux comparison, HostMix-TOO, host-attraction rate, at risk set (percent)	results/stage8/external/tables/metrics.tsv	subset == 'common_label' and analysis_cohort == 'aux_rnaseq' and method == 'SA-Z'	host_rate	0.05620608899297424	preregistered
abstract	main|p9|s4|4	427	ere confirmed: host attraction fell from 20.4% to 5.6% (n = 427), top-1 accuracy rose from 52.7% to 69.8% (n = 729), mostly	fact	AH1_n	True	AH1, aux, host-attraction rate, at risk set, n	results/stage7/confirm/tables/hypothesis_primary.tsv	hypothesis == 'AH1'	n	427	preregistered
abstract	main|p9|s4|6	52.7	fell from 20.4% to 5.6% (n = 427), top-1 accuracy rose from 52.7% to 69.8% (n = 729), mostly in one bladder cancer cohort, a	fact	ext_aux_rnaseq_base_top1_pct	True	aux comparison, baseline, top-1 accuracy, evaluation set (percent)	results/stage8/external/tables/metrics.tsv	subset == 'common_label' and analysis_cohort == 'aux_rnaseq' and method == 'BASE-Z'	top1	0.5267489711934157	preregistered
abstract	main|p9|s4|7	69.8	 20.4% to 5.6% (n = 427), top-1 accuracy rose from 52.7% to 69.8% (n = 729), mostly in one bladder cancer cohort, and accura	fact	ext_aux_rnaseq_sa_top1_pct	True	aux comparison, HostMix-TOO, top-1 accuracy, evaluation set (percent)	results/stage8/external/tables/metrics.tsv	subset == 'common_label' and analysis_cohort == 'aux_rnaseq' and method == 'SA-Z'	top1	0.6982167352537723	preregistered
abstract	main|p9|s4|8	729	.6% (n = 427), top-1 accuracy rose from 52.7% to 69.8% (n = 729), mostly in one bladder cancer cohort, and accuracy for bio	fact	AH2_n	True	AH2, aux, top-1 accuracy, evaluation set, n	results/stage7/confirm/tables/hypothesis_primary.tsv	hypothesis == 'AH2'	n	729	preregistered
abstract	main|p9|s4|9	315	for biopsies from the organ of origin was non-inferior (n = 315). Published classifiers SCOPE and CUP-AI-Dx showed host att	fact	AH3_n	True	AH3, aux, top-1 accuracy, native truth set, n	results/stage7/confirm/tables/hypothesis_primary.tsv	hypothesis == 'AH3'	n	315	preregistered
abstract	main|p9|s5|0	12.2	d classifiers SCOPE and CUP-AI-Dx showed host attraction in 12.2–30.4% of at-risk biopsies (HostMix-TOO: 2.4–5.6%), although	derived	pub_host_min_pct	True	lowest host-attraction rate of SCOPE and CUP-AI-Dx over the three cohorts (percent)	derived		derived: min(ext_MET500_scope_host_pct, ext_POG570_scope_host_pct, ext_aux_rnaseq_scope_host_pct, ext_MET500_cup_host_pct, ext_POG570_cup_host_pct, ext_aux_rnaseq_cup_host_pct)	ext_MET500_scope_host_pct=0.1218836565096953; ext_POG570_scope_host_pct=0.1587301587301587; ext_aux_rnaseq_scope_host_pct=0.1569086651053864; ext_MET500_cup_host_pct=0.1800554016620499; ext_POG570_cup_host_pct=0.3042328042328042; ext_aux_rnaseq_cup_host_pct=0.2716627634660422	pre-specified descriptive
abstract	main|p9|s5|1	30.4	ssifiers SCOPE and CUP-AI-Dx showed host attraction in 12.2–30.4% of at-risk biopsies (HostMix-TOO: 2.4–5.6%), although CUP-	derived	pub_host_max_pct	True	highest host-attraction rate of SCOPE and CUP-AI-Dx over the three cohorts (percent)	derived		derived: max(ext_MET500_scope_host_pct, ext_POG570_scope_host_pct, ext_aux_rnaseq_scope_host_pct, ext_MET500_cup_host_pct, ext_POG570_cup_host_pct, ext_aux_rnaseq_cup_host_pct)	ext_MET500_scope_host_pct=0.1218836565096953; ext_POG570_scope_host_pct=0.1587301587301587; ext_aux_rnaseq_scope_host_pct=0.1569086651053864; ext_MET500_cup_host_pct=0.1800554016620499; ext_POG570_cup_host_pct=0.3042328042328042; ext_aux_rnaseq_cup_host_pct=0.2716627634660422	pre-specified descriptive
abstract	main|p9|s5|2	2.4	 attraction in 12.2–30.4% of at-risk biopsies (HostMix-TOO: 2.4–5.6%), although CUP-AI-Dx was more accurate in auxiliary co	derived	sa_host_min_pct	True	lowest HostMix-TOO host-attraction rate over the three cohorts (percent)	derived		derived: min(ext_MET500_sa_host_pct, ext_POG570_sa_host_pct, ext_aux_rnaseq_sa_host_pct)	ext_MET500_sa_host_pct=0.0443213296398892; ext_POG570_sa_host_pct=0.02380952380952381; ext_aux_rnaseq_sa_host_pct=0.05620608899297424	post hoc
abstract	main|p9|s5|3	5.6	raction in 12.2–30.4% of at-risk biopsies (HostMix-TOO: 2.4–5.6%), although CUP-AI-Dx was more accurate in auxiliary cohort	derived	sa_host_max_pct	True	highest HostMix-TOO host-attraction rate over the three cohorts (percent)	derived		derived: max(ext_MET500_sa_host_pct, ext_POG570_sa_host_pct, ext_aux_rnaseq_sa_host_pct)	ext_MET500_sa_host_pct=0.0443213296398892; ext_POG570_sa_host_pct=0.02380952380952381; ext_aux_rnaseq_sa_host_pct=0.05620608899297424	post hoc
abstract	main|p9|s6|1	top-1	ay cohorts, HostMix-TOO reduced host attraction but lowered top-1 accuracy from 72.4% to 45.5% (n = 536). A post hoc ablation	exempt	LEVEL	True						
abstract	main|p9|s6|0	five	though CUP-AI-Dx was more accurate in auxiliary cohorts. In five microarray cohorts, HostMix-TOO reduced host attraction but	fact	ma_cohorts_n	True	microarray cohorts of the descriptive layer	results/stage7/confirm/tables/metrics.tsv	layer == '마이크로어레이' and cohort != 'all'	nunique:cohort	5	pre-specified descriptive
abstract	main|p9|s6|2	72.4	TOO reduced host attraction but lowered top-1 accuracy from 72.4% to 45.5% (n = 536). A post hoc ablation attributed the hos	fact	ma_layer_base_top1_pct	True	microarray layer, baseline, top-1 accuracy, evaluation set (percent, post hoc)	results/stage10/ablation_microarray/metrics.tsv	model == 'BASE-Z' and set == 'evaluation' and cohort == 'all' and metric == 'top1'	value	0.7238805970149254	post hoc
abstract	main|p9|s6|3	45.5	ed host attraction but lowered top-1 accuracy from 72.4% to 45.5% (n = 536). A post hoc ablation attributed the host-attract	fact	ma_layer_sa_top1_pct	True	microarray layer, HostMix-TOO, top-1 accuracy, evaluation set (percent, post hoc)	results/stage10/ablation_microarray/metrics.tsv	model == 'SA-Z' and set == 'evaluation' and cohort == 'all' and metric == 'top1'	value	0.4552238805970149	post hoc
abstract	main|p9|s6|4	536	raction but lowered top-1 accuracy from 72.4% to 45.5% (n = 536). A post hoc ablation attributed the host-attraction reduct	fact	ma_layer_n_evaluation	True	microarray layer, n of the evaluation set (one sample per patient across the layer)	results/stage10/ablation_microarray/metrics.tsv	model == 'BASE-Z' and set == 'evaluation' and cohort == 'all' and metric == 'top1'	n	536	post hoc
abstract	main|p9|s7|4	top-1	ray host attraction from 25.6% to 9.2% (n = 207) with 77.6% top-1 accuracy.  **Conclusions** For RNA-seq biopsies, training o	exempt	LEVEL	True						
abstract	main|p9|s7|0	25.6	rdization, mixtures reduced microarray host attraction from 25.6% to 9.2% (n = 207) with 77.6% top-1 accuracy.  **Conclusion	fact	ma_layer_base_host_rate_pct	True	microarray layer, baseline, host-attraction rate, at risk set (percent, post hoc)	results/stage10/ablation_microarray/metrics.tsv	model == 'BASE-Z' and set == 'at_risk' and cohort == 'all' and metric == 'host_rate'	value	0.2560386473429952	post hoc
abstract	main|p9|s7|1	9.2	, mixtures reduced microarray host attraction from 25.6% to 9.2% (n = 207) with 77.6% top-1 accuracy.  **Conclusions** For 	fact	ma_layer_mix_host_rate_pct	True	microarray layer, mixture model, host-attraction rate, at risk set (percent, post hoc)	results/stage10/ablation_microarray/metrics.tsv	model == 'MIX-Z0' and set == 'at_risk' and cohort == 'all' and metric == 'host_rate'	value	0.09178743961352658	post hoc
abstract	main|p9|s7|2	207	 reduced microarray host attraction from 25.6% to 9.2% (n = 207) with 77.6% top-1 accuracy.  **Conclusions** For RNA-seq bi	fact	ma_layer_n_at_risk	True	microarray layer, n of the at risk set (one sample per patient across the layer)	results/stage10/ablation_microarray/metrics.tsv	model == 'BASE-Z' and set == 'at_risk' and cohort == 'all' and metric == 'host_rate'	n	207	post hoc
abstract	main|p9|s7|3	77.6	icroarray host attraction from 25.6% to 9.2% (n = 207) with 77.6% top-1 accuracy.  **Conclusions** For RNA-seq biopsies, tra	fact	ma_layer_mix_top1_pct	True	microarray layer, mixture model, top-1 accuracy, evaluation set (percent, post hoc)	results/stage10/ablation_microarray/metrics.tsv	model == 'MIX-Z0' and set == 'evaluation' and cohort == 'all' and metric == 'top1'	value	0.7761194029850746	post hoc
abstract	main|p10|s3|0	top-1	uld report host attraction, with its denominator, alongside top-1 accuracy.  ## Keywords  Cancer of unknown primary; Tissue o	exempt	LEVEL	True						
