page	figure	title_words	legend_words	png	fonts	fonts_embedded	sheet_bytes
1	Figure 1	7	218	manuscript/bmc/figures/Figure1.png	2	2	700641
2	Figure 2	6	184	manuscript/bmc/figures/Figure2.png	2	2	700641
3	Figure 3	8	109	manuscript/bmc/figures/Figure3.png	2	2	700641
4	Figure 4	8	147	manuscript/bmc/figures/Figure4.png	2	2	700641
5	Figure 5	10	155	manuscript/bmc/figures/Figure5.png	2	2	700641
6	Figure 6	8	115	manuscript/bmc/figures/Figure6.png	2	2	700641
7	Figure S1	8	160	manuscript/bmc/figures/FigureS1.png	2	2	700641
8	Figure S2	8	119	manuscript/bmc/figures/FigureS2.png	2	2	700641
9	Figure S3	8	154	manuscript/bmc/figures/FigureS3.png	2	2	700641
10	Figure S4	7	94	manuscript/bmc/figures/FigureS4.png	2	2	700641
11	Figure S5	9	124	manuscript/bmc/figures/FigureS5.png	2	2	700641
12	Figure S6	5	139	manuscript/bmc/figures/FigureS6.png	2	2	700641
