figure	width_mm	height_mm	fonts	min_font_pt	max_font_pt	font_sizes_pt	min_line_pt	line_widths_pt	method_colors	other_colors
Figure1	170.0	105.0	LiberationSans;LiberationSans-Bold	6.5	10.0	6.5;7;8;10	0.6	0.6;0.8;1;1.1;1.3;1.6	HostMix-TOO	
Figure2	170.0	142.0	LiberationSans;LiberationSans-Bold	6.5	10.0	6.5;7;7.5;10	0.5	0.5;0.6;0.8;1	Baseline;HostMix-TOO	
Figure3	170.0	64.0	LiberationSans;LiberationSans-Bold	6.5	10.0	6.5;7;7.5;10	0.6	0.6;0.7;0.8;0.9;1		
Figure4	170.0	75.0	LiberationSans;LiberationSans-Bold	6.5	10.0	6.5;7;7.5;10	0.5	0.5;0.6;1	Baseline;HostMix-TOO	#000000;#7A7A7A;#B4B4B4;#DCDCDC
Figure5	170.0	70.0	LiberationSans;LiberationSans-Bold	6.5	10.0	6.5;7;7.5;10	0.6	0.6;1	Baseline;HostMix-TOO;SCOPE;CUP-AI-Dx	
Figure6	170.0	218.0	LiberationSans;LiberationSans-Bold	6.5	10.0	6.5;7;7.5;10	0.5	0.5;0.6;0.8;1	Baseline;HostMix-TOO;SCOPE;CUP-AI-Dx	#4D4D4D;#D9D9D9
FigureS1	170.0	110.0	LiberationSans;LiberationSans-Bold	6.5	10.0	6.5;7;7.5;10	0.5	0.5;0.8;1		#B0B0B0;#FFFFFF
FigureS2	170.0	110.0	LiberationSans;LiberationSans-Bold	6.5	10.0	6.5;7;7.5;10	0.6	0.6;1	Baseline;HostMix-TOO;SCOPE;CUP-AI-Dx	
FigureS3	170.0	120.0	LiberationSans;LiberationSans-Bold	6.5	10.0	6.5;7;7.5;10	0.5	0.5;0.6;1;1.1	Baseline;HostMix-TOO	#000000;#9A9A9A;#FFFFFF
FigureS4	170.0	118.0	LiberationSans;LiberationSans-Bold;LiberationSans-Italic	7.0	10.0	7;7.5;10	0.6	0.6;1	Baseline;HostMix-TOO	
FigureS5	170.0	98.0	LiberationSans;LiberationSans-Bold	6.5	10.0	6.5;7;7.5;10	0.5	0.5;0.6;1		#595959;#D4D4D4
FigureS6	170.0	112.0	LiberationSans;LiberationSans-Bold	6.5	7.5	6.5;7;7.5	0.5	0.5;0.6;0.9;1		
